452,R0,QE,Arrived,,,,,,,,,,0.0,,,,,,,,,,,,Arrived at Works,F.I Approval Pending,1,
453,R1,QE,Arrived,,Refurb.,"2258, 2259, 2262",,"Simunye, Mhlume, UCL",55.400,,,,0.0,,,39450.00,0.00,,,,,,,,Arrived at Works,On time,2,
454,R2,QE,Arrived,,Refurb.,"2258, 2259, 2262",,"Simunye, Mhlume, UCL",,,,,0.0,,,80259.00,0.00,,,,,,,,Arrived at Works,On time,2,
455,R3,QE,Arrived,,,2258,,Simunye,,,,,0.0,,,50400.00,0.00,,,,,,,,Arrived at Works,On time,,
456,R4,QE,Arrived,,Refurb.,,,,,,,,0.0,,,26026.00,0.00,,,,,,,,Arrived at Works,On time,2,
457,R5,QE,Arrived,,Refurb.,,,,,,,,0.0,,,15795.00,0.00,,,,,,,,Arrived at Works,On time,2,
458,R6,QE,Arrived,,Refurb.,,,,,,,,0.0,,,64700.00,0.00,,,,,,,,Arrived at Works,On time,2,
459,R7,QE,Arrived,,Refurb.,,,,,,,,0.0,,,47459.00,0.00,,,,,,,,Arrived at Works,On time,2,
460,R8,QE,Arrived,,Refurb.,,,,,,,,0.0,,,4868.00,0.00,,,,,,,,Arrived at Works,On time,2,
461,R9,QCL,Shafts/Ongoing/Import Status/Import Rem,Foundry Material,Store,,,,,2026-02-24,,2026-05-24,12.714285714285714,,,25344.00,,,,,,,,,Ready Awaiting Sailing,"3 Ton for QBL-II, 10.2 Ton for QCL/Shipment ETD was 09-05-2026, China customs hold the shipment due to sudden new policy changes on DG material and custom required Analysis certificate to got approval for export, this procedure will be completed by end of May afterwards CIQ Inspection will conducted and shipment will be planned to sail accordingly.",3,
462,R10,QCL,Shafts/Ongoing/Import Status/Import Rem,Foundry Material,Store,,,,,2026-02-24,,2026-05-24,12.714285714285714,,,4886.70,1364610.97,,,,,,,,Ready Awaiting Sailing,"QCL Only /Shipment ETD was 09-05-2026, China customs hold the shipment due to sudden new policy changes on DG material and custom required Analysis certificate to got approval for export, this procedure will be completed by end of May afterwards CIQ Inspection will conducted and shipment will be planned to sail accordingly.",3,
463,R11,QCL,Arrived,,,,,,,,,,0.0,,,91806.75,25935406.88,,,,,,,,Arrived at Works,On time,,
464,R12,QCL,Shafts/Ongoing/Import Status/Import Rem,,Store,,,,,2025-10-23,,2026-01-23,13.142857142857142,,,54750.00,15439500.00,,,,,,,,Ready Awaiting Sailing,"Vessel struck at Jebel Ali seaport, UAE since 05-03-2026 due to closure of strait of Hermuz.",4,
465,R14,QE,Arrived,,,,,,,,,,0.0,,,12600.00,3578400.00,,,,,,,,Arrived at Works,,5,
466,R15,QEN,Arrived,,Engg.,SE25-LAGE-0008,,Ingenio LA Garcia,12.464,2025-12-11,,2026-03-05,12.0,,,103451.20,4138048.00,,,,,,,,Arrived at Works,Vessel Rollover from ETD: 25-01-26 to 09-02-2026 & 17-02-26 & 22-02-2026 due to shipper export license issue and vessel rollover.,6,
467,R16,QEN,Arrived,,Engg.,SE25-LAGE-0009,,Ingenio LA Garcia,8.177,2025-12-11,,2026-03-05,12.0,,,67869.10,2714764.00,,,,,,,,Arrived at Works,Vessel Rollover from ETD: 25-01-26 to 09-02-2026 & 17-02-26 due to shipper export license issue and vessel rollover.,6,
468,R17,QEN,Arrived,,Engg.,SE25-LAGE-0010,,Ingenio LA Garcia,7.634,2025-12-11,,2026-03-05,12.0,,,63362.20,2534488.00,,,,,,,,Arrived at Works,Vessel Rollover from ETD: 25-01-26 to 09-02-2026 & 17-02-26 due to shipper export license issue and vessel rollover.,6,
469,R18,QEN,Arrived,,Engg.,SE25-LAGE-0011,,Ingenio LA Garcia,11.232,2025-12-11,,2026-03-05,12.0,,,93225.60,3729024.00,,,,,,,,Arrived at Works,Vessel Rollover from ETD: 25-01-26 to 09-02-2026 & 17-02-26 due to shipper export license issue and vessel rollover.,6,
470,R19,QEN,Arrived,,Engg.,SE25-LAGE-0012,,Ingenio LA Garcia,10.507,2025-12-11,,2026-03-05,12.0,,,87208.10,3488324.00,,,,,,,,Arrived at Works,Vessel Rollover from ETD: 25-01-26 to 09-02-2026 & 17-02-26 due to shipper export license issue and vessel rollover.,6,
471,R20,QEN,Arrived,,Engg.,SE25-LAGE-0013,,Ingenio LA Garcia,4.057,2025-12-11,,2026-03-05,12.0,,,31238.90,1249556.00,,,,,,,,Arrived at Works,Vessel Rollover from ETD: 25-01-26 to 09-02-2026 & 17-02-26 due to shipper export license issue and vessel rollover.,6,
472,R21,QEN,Arrived,,Engg.,SE25-SARI-0004,,Sonkor(SARI),21.110,2025-12-11,,2026-03-05,12.0,,,162547.00,6501880.00,,,,,,,,Arrived at Works,Vessel Rollover from ETD: 25-01-26 to 09-02-2026 & 17-02-26 due to shipper export license issue and vessel rollover.,6,
473,R22,QEN,Shafts/Ongoing/Import Status/Import Rem,,Engg.,,,,,,,,,,,136666.00,38088814.20,,,,,,,,In Transit,"Vessel Booking received from supplier as ETD: 08-06-2026, ETA:03-08-26, Now received new ETA: 26-07-26",7,
474,R23,QCL,Arrived,,Store,,,,,,,,0.0,,,63317.80,17757477.01,,,,,,,,Arrived at Works,,8,
475,R24,QBL-II,Arrived,,Store,,,,,2025-10-27,,2026-01-28,13.285714285714286,,,12324.00,3455649.60,,,,,,,,Arrived at Works,"Vessel booking received from Cukurova ETD:17-12-2025, Vessel rollover ETD:30-12-25",3,
476,R25,QBL-II,Arrived,,Store,,,,,2025-10-27,,2026-01-28,13.285714285714286,,,7550.00,2117020.00,,,,,,,,Arrived at Works,"Vessel booking received from Cukurova ETD:17-12-2025, Vessel rollover ETD:30-12-25",3,
477,R26,QCL,Arrived,,Store,,,,,,,,0.0,,,32135.95,9078405.88,,,,,,,,Arrived at Works,"On-time ( ETA changed from 02-Sep to 09-Sep, 13 Sep & 20 Sep)",9,
478,R27,QCL,Arrived,,,,,,,,,,0.0,,,54442.88,15450887.93,,,,,,,,Arrived at Works,On time,,
479,R28,QCL,Arrived,,,,,,,,,,0.0,,,23463.00,6658799.40,,,,,,,,Arrived at Works,On time,,
480,R29,QCL,Arrived,,Store,,,,,,,,0.0,,,23463.00,6658799.40,,,,,,,,Arrived at Works,,9,
481,R30,QCL,Arrived,,Store,,,,,,,,0.0,,,54442.88,15450887.93,,,,,,,,Arrived at Works,,9,
482,R31,QCL,Arrived,,Store,,,,,,,,0.0,,,60772.50,17259390.00,,,,,,,,Arrived at Works,,9,
483,R32,QCL,Arrived,,Store,,,,,,,,0.0,,,15180.38,4311226.50,,,,,,,,Arrived at Works,,9,
484,R33,QBL-II,Arrived,,Store,,,,,2025-11-06,,2026-02-06,13.142857142857142,,,6636.00,265108.20,,,,,,,,Arrived at Works,"Material is ready, Vessel booking received ETD: 01-12-25",10,
485,R34,QBL-II,Arrived,,Store,,,,,2025-10-27,,2026-01-26,13.0,,,21984.90,878296.76,,,,,,,,Arrived at Works,"Material is ready, Vessel booking received ETD: 01-12-25",10,
486,R35,QBL-II,Arrived,,Store,,,,,2025-11-06,,2026-02-06,13.142857142857142,,,5449.50,217707.53,,,,,,,,Arrived at Works,"Material is ready, Vessel booking received ETD: 01-12-25",10,
487,R36,QBL-II,Arrived,,Store,,,,,2025-11-06,,2026-02-06,13.142857142857142,,,32280.00,1289586.00,,,,,,,,Arrived at Works,"Material is ready, Vessel booking received ETD: 01-12-25",10,
488,R37,QBL-II,Arrived,,Store,,,,,2025-11-06,,2026-02-06,13.142857142857142,,,23670.00,945616.50,,,,,,,,Arrived at Works,"Material is ready, Vessel booking received ETD: 01-12-25",10,
489,R38,QBL-II,Arrived,,Store,,,,,,,,0.0,,,75014.17,21289021.45,,,,,,,,Arrived at Works,On time,,
490,R39,QBL-II,Arrived,,Store,,,,,,,,0.0,,,15313.93,4346093.33,,,,,,,,Arrived at Works,On time,,
491,R40,QEN,Shafts/Ongoing/Import Status/Import Rem,Shafts,Engg.,SL26-CHYS-0046,,Chaudry,13.832,2026-05-21,,2026-08-13,12.0,,,105814.80,4338406.80,,,,,,,,Under Production,Production is about to complete. Forwarder nomination is awaited from Logistics.,6,
492,R41,QEN,Shafts/Ongoing/Import Status/Import Rem,Shafts,Engg.,SE26-ALMA-0080,,ALMA,11.302,2026-05-21,,2026-08-13,12.0,,,86461.83,3544935.03,,,,,,,,Under Production,Production is about to complete. Forwarder nomination is awaited from Logistics.,6,
493,R42,QEN,Shafts/Ongoing/Import Status/Import Rem,Shafts,Engg.,SE26-ALMA-0079,,ALMA,8.044,2026-05-21,,2026-08-13,12.0,,,57514.60,2358098.60,,,,,,,,Under Production,Production is about to complete. Forwarder nomination is awaited from Logistics.,6,
494,R43,QEN,Shafts/Ongoing/Import Status/Import Rem,Shafts,Engg.,CE26-TSLU-0007,CE26-MO-0162,Lindemann,0.280,2026-05-21,,2026-08-13,12.0,,,2660.00,109060.00,,,,,,,,Under Production,Production is about to complete. Forwarder nomination is awaited from Logistics.,6,
495,R44,QEN,Shafts/Ongoing/Import Status/Import Rem,Shafts,Engg.,CE26-TSLU-0007,CE26-MO-0162,Lindemann,0.065,2026-05-21,,2026-08-13,12.0,,,617.50,25317.50,,,,,,,,Under Production,Production is about to complete. Forwarder nomination is awaited from Logistics.,6,
496,R45,QEN,Shafts/Ongoing/Import Status/Import Rem,Shafts,Engg.,SE25-RPLA-0014,,Riopaila,27.680,2026-05-15,,2026-08-07,12.0,,,210368.00,8625088.00,,,,,,,,Ready Awaiting Sailing,"Cargo is ready, Vessel Bookin received ETD: 09-07-2026",11,
497,R46,QEN,Shafts/Ongoing/Import Status/Import Rem,Shafts,Engg.,SL26-SAKS-0106,,Sakrand,3.266,2026-05-15,,2026-08-07,12.0,,,34293.00,1406013.00,,,,,,,,Ready Awaiting Sailing,"Cargo is ready, Vessel Bookin received ETD: 09-07-2026",11,
498,R47,QEN,Shafts/Ongoing/Import Status/Import Rem,Shafts,Engg.,SL26-SAKS-0108,,Sakrand,5.616,2026-05-15,,2026-08-07,12.0,,,58968.00,2417688.00,,,,,,,,Ready Awaiting Sailing,"Cargo is ready, Vessel Bookin received ETD: 09-07-2026",11,
499,R48,QEN,Shafts/Ongoing/Import Status/Import Rem,Shafts,Engg.,SL26-SAKS-0107,,Sakrand,1.227,2026-05-18,,2026-08-10,12.0,,,15349.77,629340.57,,,,,,,,Ready Awaiting Sailing,"Cargo is ready, Vessel Bookin received ETD: 09-07-2026",11,
500,R49,QEN,Shafts/Ongoing/Import Status/Import Rem,Shafts,Engg.,SL26-HUDS-0046,,Seven Star,1.227,2026-05-18,,2026-08-10,12.0,,,13374.30,548346.30,,,,,,,,Ready Awaiting Sailing,"Cargo is ready, Vessel Bookin received ETD: 09-07-2026",11,
501,R50,QEN,Shafts/Ongoing/Import Status/Import Rem,Shafts,Engg.,CL25-DCLH-0071,,DEWAN ©,5.105,2026-05-19,,2026-08-12,12.142857142857142,,,38185.40,1565601.40,,,,,,,,Ready Awaiting Sailing,"Cargo is ready, Vessel Bookin received ETD: 09-07-2026",11,
502,R51,QEN,Shafts/Ongoing/Import Status/Import Rem,Shafts,Engg.,SE26-SUCL-0053,,Sonkor(UCL),4.134,2026-05-07,,2026-07-30,12.0,,,29351.40,1203407.40,,,,,,,,Under Production,Production is about to complete. Forwarder nomination is awaited from Logistics.,6,
503,R52,QEN,Shafts/Ongoing/Import Status/Import Rem,Shafts,Engg.,SL26-ESML-0166,,Etihad,2.558,2026-05-11,,2026-08-03,12.0,,,25700.00,1053699.83,,,,,,,,Under Production,Production is about to complete. Forwarder nomination is awaited from Logistics.,6,
504,R53,QEN,Shafts/Ongoing/Import Status/Import Rem,Shafts,Engg.,SL26-HABL-0271,,Habib  Sugar,14.234,2026-05-14,,2026-08-08,12.285714285714286,,,108890.10,4464494.10,,,,,,,,Under Production,Production is about to complete. Forwarder nomination is awaited from Logistics.,6,
505,R54,QEN,Shafts/Ongoing/Import Status/Import Rem,Shafts,Engg.,SL26-ASMZ-0063,,Alliance,12.491,2026-05-14,,2026-08-08,12.285714285714286,,,95556.15,3917802.15,,,,,,,,Under Production,Production is about to complete. Forwarder nomination is awaited from Logistics.,6,
506,R55,QEN,Shafts/Ongoing/Import Status/Import Rem,Shafts,Engg.,QG26-QESS-0048,,Qadbros,24.982,2026-05-15,,2026-08-07,12.0,,,191112.30,7835604.30,,,,,,,,Under Production,"Finished forging but 2pcs failed UT test,repreparing raw material,expected to start forged this week,Production is about to complete. Forwarder nomination is awaited from Logistics.",6,
507,R56,QEN,Shafts/Ongoing/Import Status/Import Rem,Shafts,Engg.,SL26-HAMS-0273,,Hamza Sugar,7.380,2026-04-28,,2026-07-21,12.0,,,52398.00,2148318.00,,,,,,,,In Transit,Vessel rollover from ETD: 18-06-2026 to 21-06-2026.,11,
508,R57,QEN,Shafts/Ongoing/Import Status/Import Rem,Shafts,Engg.,SL26-CHMS-0170,,Chashma,28.050,2026-04-28,,2026-07-21,12.0,,,199155.00,8165355.00,,,,,,,,In Transit,Vessel rollover from ETD: 18-06-2026 to 21-06-2026.,11,
509,R58,QEN,Shafts/Ongoing/Import Status/Import Rem,Shafts,Engg.,SL26-RANP-0041,,Ranipur,6.378,2026-05-04,,2026-07-28,12.142857142857142,,,45283.80,1856635.80,,,,,,,,In Transit,Vessel rollover from ETD: 18-06-2026 to 21-06-2026.,11,
510,R59,QEN,Shafts/Ongoing/Import Status/Import Rem,Shafts,Engg.,SL26-RANP-0043,,Ranipur,6.378,2026-05-04,,2026-07-28,12.142857142857142,,,45283.80,1856635.80,,,,,,,,In Transit,Vessel rollover from ETD: 18-06-2026 to 21-06-2026.,11,
511,R60,QEN,Shafts/Ongoing/Import Status/Import Rem,Shafts,Engg.,SL26-SANS-0068,,Sanghar,6.264,2026-04-24,,2026-07-17,12.0,,,44787.60,1836291.60,,,,,,,,In Transit,"Shafts will be ready by 10th June, Vessel rollover from ETD: 21-06-26 to 25-06-26 & now 01-07-2026",6,
512,R61,QEN,Shafts/Ongoing/Import Status/Import Rem,Shafts,Engg.,SL26-AABM-0196,,AL Abbas,16.566,2026-04-24,,2026-07-17,12.0,,,118446.90,4856322.90,,,,,,,,In Transit,"Shafts will be ready by 10th June, Vessel rollover from ETD: 21-06-26 to 25-06-26 & now 01-07-2026",6,
513,R62,QEN,Shafts/Ongoing/Import Status/Import Rem,Shafts,Engg.,SE26-SNAK-0113,,Sonkor(Nakambala),1.295,2026-04-24,,2026-07-17,12.0,,,9255.68,379482.68,,,,,,,,In Transit,Vessel rollover from ETD: 17-06-2026 to 21-06-2026.,6,
514,R63,QEN,Shafts/Ongoing/Import Status/Import Rem,Shafts,Engg.,SE26-SUBO-0063,,Sonkor(UBOMBO),1.334,2026-04-24,,2026-07-17,12.0,,,9539.53,391120.73,,,,,,,,In Transit,Vessel rollover from ETD: 17-06-2026 to 21-06-2026.,6,
515,R64,QEN,Shafts/Ongoing/Import Status/Import Rem,Shafts,Engg.,SL26-FATD-0460,,Fatima,1.354,2026-04-24,,2026-07-17,12.0,,,9679.67,396866.47,,,,,,,,In Transit,Vessel rollover from ETD: 17-06-2026 to 21-06-2026.,6,
516,R65,QEN,Shafts/Ongoing/Import Status/Import Rem,Shafts,Engg.,SE26-SNAK-0113,,Sonkor(Nakambala),1.236,2026-04-24,,2026-07-17,12.0,,,8833.83,362186.83,,,,,,,,In Transit,Vessel rollover from ETD: 17-06-2026 to 21-06-2026.,6,
517,R66,QEN,Shafts/Ongoing/Import Status/Import Rem,Shafts,Engg.,CE26-TSLU-0001,CE26-MO-0162,Texas Shredder,4.852,2026-04-27,,2026-07-20,12.0,,,55796.85,2287670.85,,,,,,,,In Transit,"Shafts will be ready by 10th June, Vessel rollover from ETD: 21-06-26 to 25-06-26 & now 01-07-2026",6,
518,R67,QBL-II,Shafts/Ongoing/Import Status/Import Rem,Scraps,Store,,,,,,,,,,,35683.12,9934180.61,,,,,,,,In Transit,,8,
519,R68,QBL-II,Shafts/Ongoing/Import Status/Import Rem,Scraps,Store,,,,,,,,,,,30285.20,8460170.62,,,,,,,,In Transit,,8,
520,R69,QBL-II,Shafts/Ongoing/Import Status/Import Rem,Scraps,Store,,,,,,,,,,,9115.48,2570565.36,,,,,,,,In Transit,,8,
521,R70,QEN,Shafts/Ongoing/Import Status/Import Rem,Engineering Item,Engg.,SL26-SWSM-0121,,SW Sugar,15.893,2026-04-14,,2026-07-07,12.0,,,120786.80,4952258.80,,,,,,,,In Transit,Vessel rollover from ETD: 01-06-2026 to 07-06-2026 and now 13-06-2026 and now 15-06-2026.,11,
522,R71,QEN,Shafts/Ongoing/Import Status/Import Rem,Engineering Item,Engg.,SE26-MAGZ-0046,,MAYAGUEZ S.A,15.110,2026-04-14,,2026-07-07,12.0,,,114836.00,4708276.00,,,,,,,,In Transit,Vessel rollover from ETD: 01-06-2026 to 07-06-2026 and now 13-06-2026 and now 15-06-2026.,11,
523,R72,QEN,Shafts/Ongoing/Import Status/Import Rem,Engineering Item,Engg.,SE26-MAGZ-0047,,MAYAGUEZ S.A,8.226,2026-04-14,,2026-07-07,12.0,,,58404.60,2394588.60,,,,,,,,In Transit,Vessel rollover from ETD: 01-06-2026 to 07-06-2026 and now 13-06-2026 and now 15-06-2026.,11,
524,R73,QEN,Shafts/Ongoing/Import Status/Import Rem,Engineering Item,Engg.,SE26-LULS-0269,,Lula Sugar,8.295,2026-04-17,,2026-07-10,12.0,,,58894.50,2414674.50,,,,,,,,In Transit,Vessel rollover from ETD: 01-06-2026 to 07-06-2026 and now 13-06-2026 and now 15-06-2026.,11,
525,R74,QEN,Shafts/Ongoing/Import Status/Import Rem,Engineering Item,Engg.,CE26-AFVP-0002,CE26-MO-0160,AFRISAM,1.452,2026-04-10,,2026-07-05,12.285714285714286,,,17641.80,723313.80,,,,,,,,In Transit,Vessel rollover from ETD: 01-06-2026 to 07-06-2026 and now 13-06-2026 and now 15-06-2026.,11,
526,R75,QEN,Shafts/Ongoing/Import Status/Import Rem,Engineering Item,Engg.,CE26-AFVP-0002,CE26-MO-0160,AFRISAM,0.026,2026-04-10,,2026-07-05,12.285714285714286,,,1600.00,65600.00,,,,,,,,In Transit,Vessel rollover from ETD: 01-06-2026 to 07-06-2026 and now 13-06-2026 and now 15-06-2026.,11,
527,R76,QBL-II,Arrived,,Store,,,,,,,,0.0,,,84746.40,24051028.32,,,,,,,,Arrived at Works,On time,,
528,R77,QCL,Shafts/Ongoing/Import Status/Import Rem,Foundry Material,Store,,,,,2026-03-25,,2026-06-25,13.142857142857142,,,30960.00,10075932.00,,,,,,,,In Transit,"Shipment booking has been received with ETD 09-05-26. However, the shipment has been unexpectedly delayed due to the current Red Sea issue, which has increased the transit time from 45 days to approximately 70 days. Additionally, the booking was received by the supplier from the shipping line after a delay of 18 days.",12,
529,R78,QEN,Shafts/Ongoing/Import Status/Import Rem,Shafts,Engg.,SL26-FATD-0462,,FATIMA SUGAR,5.388,2026-04-03,,2026-06-30,12.571428571428571,,,42565.20,1702608.00,,,,,,,,In Transit,"1st production finish date was 15-05-2026, Reproduction, Preparing Raw Material, Vessel booking received Vessel rollover from ETD: 17-06-2026 to 21-06-2026.",6,
530,R79,QEN,Shafts/Ongoing/Import Status/Import Rem,Shafts,Engg.,SL26-FATD-0463,,FATIMA SUGAR,3.730,2026-04-03,,2026-06-30,12.571428571428571,,,29467.00,1178680.00,,,,,,,,In Transit,"1st production finish date was 15-05-2026, Reproduction, Preparing Raw Material, Vessel booking received Vessel rollover from ETD: 17-06-2026 to 21-06-2026.",6,
531,R80,QEN,Shafts/Ongoing/Import Status/Import Rem,Shafts,Engg.,SL26-JKS2-0419,,JK-II,66.391,2026-04-03,,2026-06-30,12.571428571428571,,,507891.15,20315646.00,,,,,,,,In Transit,"Production Completed, vessel booked ETD 30-05-26 rollover to 08-06-2026, ETA = 02-07-2026 rollover to05-07-2026 and now 08-07-2026",6,
532,R81,QEN,Shafts/Ongoing/Import Status/Import Rem,Shafts,Engg.,SL26-JKS2-0419,,JK-II,10.760,2026-04-03,,2026-06-30,12.571428571428571,,,76934.00,3077360.00,,,,,,,,In Transit,"Production Completed, vessel booked ETD 30-05-26 rollover to 08-06-2026, ETA = 02-07-2026 rollover to05-07-2026 and now 08-07-2026",6,
533,R82,QEN,Shafts/Ongoing/Import Status/Import Rem,Shafts,Engg.,SL26-FATD-0460,,FATIMA SUGAR,63.330,2026-04-03,,2026-06-30,12.571428571428571,,,484474.50,19378980.00,,,,,,,,In Transit,"Production Completed, vessel booked ETD 30-05-26 rollover to 08-06-2026, ETA = 02-07-2026 rollover to05-07-2026 and now 08-07-2026",6,
534,R83,QEN,Shafts/Ongoing/Import Status/Import Rem,Shafts,Engg.,SL26-FATD-0460,,FATIMA SUGAR,6.376,2026-04-03,,2026-06-30,12.571428571428571,,,45588.40,1823536.00,,,,,,,,In Transit,"Production Completed, vessel booked ETD 30-05-26 rollover to 08-06-2026, ETA = 02-07-2026 rollover to05-07-2026 and now 08-07-2026",6,
535,R84,QCL,Arrived,,,,,,,,,,0.0,,,50464.32,14195613.22,,,,,,,,Arrived at Works,On time,,
536,R85,QCL,Shafts/Ongoing/Import Status/Import Rem,Foundry Material,Store,,,,,2026-03-25,,2026-07-25,17.428571428571427,,,3096.00,996912.00,,,,,,,,In Transit,"Shipment booking has been received with ETD 09-05-26. However, the shipment has been unexpectedly delayed due to the current Red Sea issue, which has increased the transit time from 45 days to approximately 70 days. Additionally, the booking was received by the supplier from the shipping line after a delay of 18 days.",12,
537,R86,QBL-II,Shafts/Ongoing/Import Status/Import Rem,Foundry Material,Store,,,,,2026-02-25,,2026-05-25,12.714285714285714,,,4260.00,1371720.00,,,,,,,,In Transit,"Shipment booking has been received with ETD 09-05-26. However, the shipment has been unexpectedly delayed due to the current Red Sea issue, which has increased the transit time from 45 days to approximately 70 days. Additionally, the booking was received by the supplier from the shipping line after a delay of 18 days.",12,
538,R87,QCL,Shafts/Ongoing/Import Status/Import Rem,Foundry Material,Store,,,,,2026-03-25,,2026-06-25,13.142857142857142,,,5538.00,1783236.00,,,,,,,,In Transit,"Shipment booking has been received with ETD 09-05-26. However, the shipment has been unexpectedly delayed due to the current Red Sea issue, which has increased the transit time from 45 days to approximately 70 days. Additionally, the booking was received by the supplier from the shipping line after a delay of 18 days.",12,
539,R88,QCL,Shafts/Ongoing/Import Status/Import Rem,Foundry Material,Store,,,,,2026-03-25,,2026-06-25,13.142857142857142,,,13800.00,4443600.00,,,,,,,,In Transit,"Shipment booking has been received with ETD 09-05-26. However, the shipment has been unexpectedly delayed due to the current Red Sea issue, which has increased the transit time from 45 days to approximately 70 days. Additionally, the booking was received by the supplier from the shipping line after a delay of 18 days.",12,
540,R89,QBl-II,Arrived,Foundry Material,Store,,,,,2026-06-12,,2026-07-06,,,,6318.00,2036923.20,,,,,,,,Arrived at Works,"Material is ready, Forwarder nomination is awaited.",12,
541,R90,QBL-II,Shafts/Ongoing/Import Status/Import Rem,Foundry Material,Store,,,,,2026-05-20,,2026-08-20,,,,850.00,274040.00,,,,,,,,Ready Awaiting Sailing,"Material is ready, Forwarder nomination is awaited.",12,
542,R91,QEN,Shafts/Ongoing/Import Status/Import Rem,Shafts,Engg.,SE26-NSEA-0051,,Ingenio San Antonio,8.540,2026-03-19,,2026-06-11,12.0,,,60634.00,2425360.00,,,,,,,,In Transit,Vessel rollover from ETD: 01-06-2026 to 07-06-2026 and now 13-06-2026 and now 15-06-2026.,11,
543,R92,QEN,Shafts/Ongoing/Import Status/Import Rem,Shafts,Engg.,SE26-SUBO-0063,,Sonkor(UBOMBO),41.520,2026-04-03,,2026-06-30,12.571428571428571,,,315552.00,12622080.00,,,,,,,,In Transit,Vessel rollover from ETD: 01-06-2026 to 07-06-2026 and now 13-06-2026 and now 15-06-2026.,11,
544,R93,QEN,Shafts/Ongoing/Import Status/Import Rem,Shafts,Engg.,SE26-SUBO-0063,,Sonkor(UBOMBO),2.920,2026-04-03,,2026-06-30,12.571428571428571,,,20732.00,829280.00,,,,,,,,In Transit,Vessel rollover from ETD: 01-06-2026 to 07-06-2026 and now 13-06-2026 and now 15-06-2026.,11,
545,R94,QCL,Arrived,,,,,,,,,,0.0,,,47762.91,13426154.00,,,,,,,,Arrived at Works,On time,,
546,R95,QCL,Arrived,,,,,,,,,,0.0,,,8288.28,2339781.44,,,,,,,,Arrived at Works,On time,,
547,R96,QCL,Arrived,,,,,,,,,,0.0,,,31635.24,8930628.25,,,,,,,,Arrived at Works,On time,,
548,R97,QCL,Arrived,,,,,,,,,,0.0,,,7988.00,2258207.60,,,,,,,,Arrived at Works,On time,,
549,R98,QCL,Arrived,,,,,,,,,,0.0,,,48509.37,13713598.90,,,,,,,,Arrived at Works,On time,,
550,R99,QCL,Arrived,Scraps,Store,,,,,,,,,,,26205.20,7337456.00,,,,,,,,Arrived at Works,Shipment will be reach at QCL on Monday dt: 12-05-2026,8,
551,R100,QEN,Arrived,Shafts,Engg.,SE25-CASA-0037,,CASA,4.404,2026-01-29,,2026-05-20,15.857142857142858,,,36112.80,1444512.00,,,,,,,,Arrived at Works,"Material will be ready on dt: 27-03-2026, Shipment booking has been received ETD:07-04-2026, Shipment will reach at QEN on Monday dt: 12-05-2026",11,
552,R101,QEN,Arrived,Shafts,Engg.,SE26-SARI-0005,,Sonkor(SARI),9.287,2026-02-04,,2026-05-26,15.857142857142858,,,64080.30,2563212.00,,,,,,,,Arrived at Works,"Vessel bookin received ETD: 18-04-2026, Vessel Rollover from ETD 18-04-26 to 22-04-2026 & 24-04-26. Vessel Rollover ETA 17-05-2026 to 20-05-2026 then 23-05-2026",11,
553,R102,QEN,Arrived,Shafts,Engg.,SE25-CASA-0038,,CASA,4.193,2026-01-29,,2026-05-20,15.857142857142858,,,34382.60,1375304.00,,,,,,,,Arrived at Works,"Vessel bookin received ETD: 18-04-2026, Vessel Rollover from ETD 18-04-26 to 22-04-2026 & 24-04-26. Vessel Rollover ETA 17-05-2026 to 20-05-2026 then 23-05-2026",11,
554,R103,QEN,Arrived,Shafts,Engg.,SE26-SUCA-0010,,Sucaf,12.440,2026-02-19,,2026-06-06,15.285714285714286,,,94544.00,3781760.00,,,,,,,,Arrived at Works,"Vessel bookin received ETD: 18-04-2026, Vessel Rollover from ETD 18-04-26 to 22-04-2026 & 24-04-26. Vessel Rollover ETA 17-05-2026 to 20-05-2026 then 23-05-2026",11,
555,R104,QCL,Arrived,,Trading,,,,,,,,,,,47575.70,13387801.98,,,,,,,,Arrived at Works,(Trading Shipment)/Arrived at Trader Warehouse.,13,
556,R105,QCL,Arrived,Foundry Material,Store,,,,,2026-01-13,,2026-04-13,12.857142857142858,,,7680.00,2494848.00,,,,,,,,Arrived at Works,Container is still at Colombo port since 09-04-2026 due port congestion and ETA Karachi rollover multiple times from 16-04-26 to 23-04-2026 and now ETA Karachi is 27-04-2026.,12,
557,R106,QCL,Arrived,Foundry Material,Store,,,,,2026-01-13,,2026-04-13,12.857142857142858,,,7920.00,2572812.00,,,,,,,,Arrived at Works,Container is still at Colombo port since 09-04-2026 due port congestion and ETA Karachi rollover multiple times from 16-04-26 to 23-04-2026 and now ETA Karachi is 27-04-2026.,12,
558,R107,QCL,Arrived,Foundry Material,Store,,,,,2026-01-13,,2026-04-13,12.857142857142858,,,1296.00,421005.60,,,,,,,,Arrived at Works,Container is still at Colombo port since 09-04-2026 due port congestion and ETA Karachi rollover multiple times from 16-04-26 to 23-04-2026 and now ETA Karachi is 27-04-2026.,12,
559,R108,QCL,Arrived,Foundry Material,Store,,,,,2026-01-27,,2026-04-27,12.857142857142858,,,3144.20,1021393.37,,,,,,,,Arrived at Works,Container is still at Colombo port since 09-04-2026 due port congestion and ETA Karachi rollover multiple times from 16-04-26 to 23-04-2026 and now ETA Karachi is 27-04-2026.,12,
560,R109,QCL,Arrived,Foundry Material,Store,,,,,,,,0.0,,,495.00,160800.75,,,,,,,,Arrived at Works,Container is still at Colombo port since 09-04-2026 due port congestion and ETA Karachi rollover multiple times from 16-04-26 to 23-04-2026 and now ETA Karachi is 27-04-2026.,12,
561,R110,QBL-II,Shafts/Ongoing/Import Status/Import Rem,Scraps,Store,,,,,,,,,,,77794.70,21658045.59,,,,,,,,Under Custom Clearance,,8,
562,R111,QCL,Arrived,,Store,,,,,,,,,,,30454.44,8588151.23,,,,,,,,Arrived at Works,,8,
563,R112,QCL,Arrived,Scraps,Store,,,,,,,,,,,23700.86,6622020.00,,,,,,,,Arrived at Works,,8,
564,R113,QCL,Arrived,Scraps,Store,,,,,,,,,,,15319.77,4320175.70,,,,,,,,Arrived at Works,,8,
565,R114,QCL,Arrived,,Store,,,,,,,,,,,37172.20,10482560.40,,,,,,,,Arrived at Works,,8,
566,R115,QCL,Arrived,Foundry Material,Store,,,,,2025-11-21,,2026-02-21,13.142857142857142,,,15600.00,4399200.00,,,,,,,,Order Cancelled,order Cancelled,14,
567,R116,QCL,Arrived,,Store,,,,21.600,2025-10-23,,2026-01-23,13.142857142857142,,,16632.00,4653633.60,,,,,,,,Arrived at Works,,3,
568,R117,QEN,Arrived,Engineering Item,Engg.,SE25-FCGL-0618,,FIVES(FCB),430.000,2025-11-11,,2026-02-05,12.285714285714286,,,1707.53,479132.92,,,,,,,,Arrived at Works,"The demand was re-routed from Procurement to Import on 16-12-2025. A new supplier was arranged in China on 22-12-2025, and the advance T/T was transferred on 23-12-2025. The material was ready on 12-01-2026.
However, as per the provided MTC, CPPC requested modifications in the specifications of the flat bar. Due to this requirement, the supplier had to reproduce the flat bar, resulting in additional reproduction costs of RMB 3,570, along with RMB 2,000 incurred due to newly imposed taxes by the Chinese government. These charges were negotiated and paid in China on 10-03-2026. 
The forwarder was nominated on 12-03-2026, and booking confirmation was received from the logistics provider with an ETD of 01-04-2026./Shipment under de-stuffing",15,
569,R118,QE,Arrived,,Capital,,,,,,,,,,,174400.00,48936640.00,,,,,,,,Arrived at Works,,16,
570,R119,QBL-II,Arrived,,Sample,,,,,,,,,,,1500.00,60000.00,,,,,,,,Order Cancelled,Sample shipment,17,
571,R120,QBL-II,Arrived,,Store,,,,,2025-11-25,,2026-02-21,12.571428571428571,,,3575.00,1002966.25,,,,,,,,Arrived at Works,,3,
572,R121,QCL,Arrived,,Store,,,,,2025-11-21,,2026-02-21,13.142857142857142,,,2250.00,734400.00,,,,,,,,Arrived at Works,,12,
573,R122,QE,Arrived,,Engg.,,,,,2025-11-06,,,0.0,,,530.77,149040.22,,,,,,,,Arrived at Works,,18,
574,R123,QE,Arrived,,Engg.,,,,,2025-11-06,,,0.0,,,701.54,196992.43,,,,,,,,Arrived at Works,,18,
575,R124,QE,Arrived,,Engg.,,,,,2025-11-06,,,0.0,,,1135.38,318814.70,,,,,,,,Arrived at Works,,18,
576,R125,QE,Arrived,,Engg.,,,,,2025-11-06,,,0.0,,,105.00,29484.00,,,,,,,,Arrived at Works,,18,
577,R126,QE,Arrived,,Engg.,,,,,2025-11-06,,,0.0,,,1565.00,439452.00,,,,,,,,Arrived at Works,,18,
578,R127,QE,Arrived,,Store,SE25-SMHE-0083,,Sonkor(MHLUME),,2025-11-18,,,0.0,,,4720.00,187148.00,,,,,,,,Arrived at Works,,19,
579,R128,QE,Arrived,,Store,SE25-SMHE-0083,,Sonkor(MHLUME),,2025-11-18,,,0.0,,,2120.00,84058.00,,,,,,,,Arrived at Works,,19,
580,R129,QE,Arrived,,Store,SE25-SMHE-0083,,Sonkor(MHLUME),,2025-11-18,,,0.0,,,3920.00,155428.00,,,,,,,,Arrived at Works,,19,
581,R130,QEN,Arrived,,Store,,,,,,,,0.0,,,42238.20,1667986.52,,,,,,,,Arrived at Works,"Material is ready,Vessel booking is in process.",10,
582,R131,QEN,Arrived,,Engg.,,,,,,,,0.0,,,2950.00,829392.50,,,,,,,,Arrived at Works,,20,
583,R132,QEN,Arrived,,Engg.,,,,,,,,0.0,,,678.00,190619.70,,,,,,,,Arrived at Works,,20,
584,R133,QEN,Arrived,,Store,,,,,,,,0.0,,,1739.00,489354.60,,,,,,,,Arrived at Works,IDM Awaited,21,
585,R134,QEN,Arrived,MS25-34,Store,,,,,,2025-08-26,,0.0,,,4936.00,1391705.20,Received,Approved,Approved,,,,,Arrived at Works,,22,
586,R135,QE,Arrived,,Store,,,,,,,,0.0,,,14040.00,0.00,,,,,,,,Arrived at Works,On time,19,
587,R136,QE,Arrived,,Store,,,,,,,,0.0,,,14040.00,0.00,,,,,,,,Arrived at Works,On time,19,
588,R137,QEN,Arrived,Engineering Item,Sample,,,,,,,,,,,568.50,159748.50,,,,,,,,Arrived at Works,,23,
589,R138,QEN,Arrived,Engineering Item,Sample,,,,,,,,,,,78.25,21988.25,,,,,,,,Arrived at Works,,23,
590,R139,QCL,Shafts/Ongoing/Import Status/Import Rem,Refractory Material,Store,,,,,2026-03-25,,2026-06-25,13.142857142857142,,,3548.16,991355.90,,,,,,,,Under Custom Clearance,,3,
591,R140,QE,Arrived,Engineering Item,Engg.,,,,,2026-03-09,,2026-06-01,12.0,,,1200.00,335100.00,,,,,,,,Arrived at Works,,24,
592,R141,QCL,Arrived,Refractory Material,Sample,,,,,,,,,,,56.00,15652.00,,,,,,,,Arrived at Works,,25,
593,R142,QCL,Arrived,Refractory Material,Sample,,,,,,,,,,,29.30,8189.35,,,,,,,,Arrived at Works,,25,
594,R143,QCL,Arrived,Refractory Material,Sample,,,,,,,,,,,17.70,4947.15,,,,,,,,Arrived at Works,,25,
595,R144,QCL,Arrived,Refractory Material,Sample,,,,,,,,,,,7.70,2152.15,,,,,,,,Arrived at Works,,25,
596,R145,QCL,Arrived,Refractory Material,Sample,,,,,,,,,,,1.80,503.10,,,,,,,,Arrived at Works,,25,
597,R146,QCL,Arrived,Refractory Material,Sample,,,,,,,,,,,2.60,726.70,,,,,,,,Arrived at Works,,25,
598,R147,QCL,Arrived,Refractory Material,Sample,,,,,,,,,,,4.60,1285.70,,,,,,,,Arrived at Works,,25,
599,R148,QCL,Arrived,Refractory Material,Sample,,,,,,,,,,,10.50,2934.75,,,,,,,,Arrived at Works,,25,
600,R149,QCL,Arrived,Refractory Material,Sample,,,,,,,,,,,16.90,4723.55,,,,,,,,Arrived at Works,,25,
601,R150,QCL,Arrived,Refractory Material,Sample,,,,,,,,,,,27.90,7798.05,,,,,,,,Arrived at Works,,25,
602,R151,QCL,Arrived,Refractory Material,Sample,,,,,,,,,,,27.80,7770.10,,,,,,,,Arrived at Works,,25,
603,R152,QCL,Arrived,Refractory Material,Sample,,,,,,,,,,,40.60,11347.70,,,,,,,,Arrived at Works,,25,
604,R153,QCL,Arrived,Refractory Material,Sample,,,,,,,,,,,50.10,14002.95,,,,,,,,Arrived at Works,,25,
605,R154,QCL,Arrived,Refractory Material,Sample,,,,,,,,,,,67.10,18754.45,,,,,,,,Arrived at Works,,25,
606,R155,QCL,Arrived,Refractory Material,Sample,,,,,,,,,,,48.85,13653.57,,,,,,,,Arrived at Works,,25,
607,R156,QCL,Arrived,Refractory Material,Sample,,,,,,,,,,,65.35,18265.32,,,,,,,,Arrived at Works,,25,
608,R157,QCL,Arrived,Refractory Material,Sample,,,,,,,,,,,96.70,27027.65,,,,,,,,Arrived at Works,,25,
609,R158,QCL,Arrived,Refractory Material,Sample,,,,,,,,,,,12.30,3437.85,,,,,,,,Arrived at Works,,25,
610,R159,QCL,Arrived,Refractory Material,Sample,,,,,,,,,,,32.90,9195.55,,,,,,,,Arrived at Works,,25,
611,R160,QCL,Arrived,Refractory Material,Sample,,,,,,,,,,,36.30,10145.85,,,,,,,,Arrived at Works,,25,
612,R161,QCL,Arrived,Foundry Material,Sample,,,,,,,,,,,1103.46,308417.07,,,,,,,,Arrived at Works,,25,
613,R162,QCL,Arrived,Foundry Material,Sample,,,,,,,,,,,925.00,258537.50,,,,,,,,Arrived at Works,,25,
614,R163,QCL,Arrived,Foundry Material,Sample,,,,,,,,,,,22.50,6287.70,,,,,,,,Arrived at Works,,25,
615,R164,QCL,Arrived,Foundry Material,Sample,,,,,,,,,,,186.75,52196.63,,,,,,,,Arrived at Works,,25,
616,R165,QCL,Arrived,Foundry Material,Sample,,,,,,,,,,,201.88,56424.06,,,,,,,,Arrived at Works,,25,
617,R166,QCL,Arrived,Foundry Material,Sample,,,,,,,,,,,0.00,0.00,,,,,,,,Arrived at Works,,25,
618,R167,QCL,Arrived,Foundry Material,Sample,,,,,,,,,,,72.85,20361.58,,,,,,,,Arrived at Works,,25,
619,R168,QCL,Arrived,Foundry Material,Sample,,,,,,,,,,,66.30,18530.85,,,,,,,,Arrived at Works,,25,
620,R169,QCL,Arrived,Cutting Tools,Store,,,,,2026-02-24,,2026-05-24,,,,1875.00,523687.50,,,,,,,,Arrived at Works,Shipment bookin has been received ETD: 12-04-26,26,
621,R170,QCL,Arrived,Refractory Material,Store,,,,,,,,,,,1410.00,393813.00,,,,,,,,Arrived at Works,Shipment Bookin received ETD:11-04-26,27,
622,R171,QCL,Arrived,Refractory Material,Store,,,,,,,,,,,900.00,251370.00,,,,,,,,Arrived at Works,Shipment Bookin received ETD:11-04-26,27,
623,R172,QE,Arrived,Engineering Item,Engg.,CE26-FLMX-0093,CE26-MO-0153,,,2026-03-06,,2026-04-17,6.0,,,3409.35,954616.60,,,,,,,,Arrived at Works,Vessel roll over from 30-04-26 to 11-05-2026 and now 15-05-2026 and now 21-05-2026 due to forwarders mishandling in container arrangment.,28,
624,R173,QBL-II,Arrived,Foundry Material,Store,,,,,2025-12-14,,2026-03-23,99.0,,,750.00,245625.00,,,,,,,,Arrived at Works,Logistics is arranging LCL mvement from Karachi to Lahore,12,
625,R174,QCL,Arrived,Ferro Alloys,Store,,,,,2026-03-10,,2026-06-11,13.285714285714286,,,23805.00,6638024.25,,,,,,,,Arrived at Works,Arrival at QFL: 03-06-2026.,14,
626,R175,QCL,Arrived,Refractory Material,Store,,,,,2026-02-24,,2026-05-24,12.714285714285714,,,11417.47,3219727.10,,,,,,,,Arrived at Works,,3,
627,R176,QCL,Arrived,Refractory Material,Store,,,,,2026-02-10,,2026-05-10,12.714285714285714,,,2639.84,744434.88,,,,,,,,Arrived at Works,,3,
628,R177,QCL,Arrived,Refractory Material,Store,,,,,2026-02-24,,2026-05-24,12.714285714285714,,,3407.04,960785.28,,,,,,,,Arrived at Works,,3,
629,R178,QCL,Arrived,Foundry Material,Store,,,,,2026-02-24,,2026-05-24,12.714285714285714,,,25015.50,6989330.70,,,,,,,,Arrived at Works,,14,
630,R179,QCL,Arrived,Foundry Material,Store,,,,,2026-01-13,,2026-04-13,12.857142857142858,,,9090.00,2539746.00,,,,,,,,Arrived at Works,For QCL only.,3,
631,R180,QCL,Arrived,Foundry Material,Store,,,,,2026-01-13,,2026-04-13,12.857142857142858,,,3654.42,1021044.95,,,,,,,,Arrived at Works,2.746 Ton for QCL & 2 Ton for QBL-II,3,
632,R181,QCL,Arrived,Foundry Material,Store,,,,,2026-01-27,,2026-04-27,12.857142857142858,,,14175.00,3960495.00,,,,,,,,Arrived at Works,2.5 Ton for QCL & 5 Ton for QBL-II,3,
633,R182,QBL-II,Arrived,Refractory Material,Store,,,,,2026-01-27,,2026-04-27,,,,2654.40,108697.68,,,,,,,,Arrived at Works,,10,
634,R183,QBL-II,Arrived,Refractory Material,Store,,,,,2026-01-27,,2026-04-27,,,,17356.50,710748.68,,,,,,,,Arrived at Works,,10,
635,R184,QBL-II,Arrived,Refractory Material,Store,,,,,2026-01-27,,2026-04-27,,,,10899.00,446314.05,,,,,,,,Arrived at Works,,10,
636,R185,QBL-II,Arrived,Refractory Material,Store,,,,,2026-01-27,,2026-04-27,,,,3536.40,144815.58,,,,,,,,Arrived at Works,,10,
637,R186,QBL-II,Arrived,Refractory Material,Store,,,,,2026-01-27,,2026-04-27,,,,4521.60,185159.52,,,,,,,,Arrived at Works,,10,
638,R187,QBL-II,Arrived,Refractory Material,Store,,,,,2026-01-27,,2026-04-27,,,,21520.00,881244.00,,,,,,,,Arrived at Works,,10,
639,R188,QBL-II,Arrived,Refractory Material,Store,,,,,2026-01-27,,2026-04-27,,,,19504.08,798692.08,,,,,,,,Arrived at Works,,10,
640,R189,QBL-II,Arrived,Refractory Material,Store,,,,,2026-01-27,,2026-04-27,,,,1248.00,51105.60,,,,,,,,Arrived at Works,,10,
641,R190,QBL-II,Arrived,,Store,,,,,2025-12-24,,2026-03-23,,,,32700.00,9221400.00,,,,,,,,Arrived at Works,,14,
642,R191,QBL-II,Arrived,,Trading,,,,,,,,0.0,,,18375.00,5181750.00,,,,,,,,Arrived at Works,Material for Trading Purpose,29,
643,R192,QCL,Shafts/Ongoing/Import Status/Import Rem,Foundry Material,Store,,,,,2026-05-12,,2026-08-12,13.142857142857142,,,14230.89,3998880.09,,,,,,,,Under Custom Clearance,,30,
644,R193,QBL-II,Shafts/Ongoing/Import Status/Import Rem,Foundry Material,Store,,,,,2026-04-28,,2026-07-28,13.0,,,14230.89,3998880.09,,,,,,,,Under Custom Clearance,,30,
645,R194,QE,Shafts/Ongoing/Import Status/Import Rem,Engineering Item,Engg.,CE26-TSLU-0013,CE26-MO-0162,Texas Shredder,,2026-04-28,,2026-07-21,12.0,,,5400.00,1509840.00,,,,,,,,Under Custom Clearance,Material RFD is scheduled for 22 June 2026. The air forwarder is being arranged by the logistics team accordingly.,31,
646,R195,QCL,Shafts/Ongoing/Import Status/Import Rem,Foundry Material,Store,,,,,2026-02-24,,2026-05-24,,,,6244.00,2048656.40,,,,,,,,Ready Awaiting Sailing,,32,
647,R196,QCL,Arrived,Ferro Alloys,Store,,,,,2026-03-25,,2026-06-25,,,,14200.00,3962510.00,,,,,,,,Arrived at Works,,33,
648,R197,QEN,Shafts/Ongoing/Import Status/Import Rem,Engineering Item,Engg.,SL26-FATD-0462,,FATIMA SUGAR,,2026-04-26,,2026-06-25,,,,7189.37,2006553.17,,22,,,,,,Under Production,Shipment will shipped from Belgium,34,
649,R198,QEN,Shafts/Ongoing/Import Status/Import Rem,Engineering Item,Engg.,SL26-FATD-0463,,FATIMA SUGAR,,2026-04-26,,2026-06-25,,,,10589.94,2955652.25,,,,,,,,Under Production,Shipment will shipped from Belgium,34,
650,R199,QEN,Shafts/Ongoing/Import Status/Import Rem,Engineering Item,Engg.,SL26-FATD-0463,,FATIMA SUGAR,,2026-04-26,,2026-06-25,,,,2793.75,779735.63,,,,,,,,Under Production,Shipment will shipped from Belgium,34,
651,R200,QBL-II,Arrived,Foundry Material,Store,,,,,2026-03-26,,2026-06-26,13.142857142857142,,,14229.13,3971350.07,,,,,,,,Arrived at Works,,30,
652,R201,QE,Shafts/Ongoing/Import Status/Import Rem,Lifting Equipment,Engg.,,,,,,,,,,,56000.00,2312800.00,,,,,,,,In Transit,Vessel Schdule awaited,19,
653,R202,QE,Shafts/Ongoing/Import Status/Import Rem,Lifting Equipment,Engg.,,,,,,,,,,,19880.00,821044.00,,,,,,,,In Transit,Vessel Schdule awaited,19,
654,R203,QE,Shafts/Ongoing/Import Status/Import Rem,Lifting Equipment,Engg.,,,,,,,,,,,27200.00,1123360.00,,,,,,,,In Transit,Vessel Schdule awaited,19,
655,R204,QE,Shafts/Ongoing/Import Status/Import Rem,Lifting Equipment,Engg.,,,,,,,,,,,9660.00,398958.00,,,,,,,,In Transit,Vessel Schdule awaited,19,
656,R205,QE,Shafts/Ongoing/Import Status/Import Rem,Lifting Equipment,Engg.,,,,,,,,,,,43200.00,1784160.00,,,,,,,,In Transit,Vessel Schdule awaited,19,
657,R206,QE,Shafts/Ongoing/Import Status/Import Rem,Lifting Equipment,Engg.,,,,,,,,,,,16240.00,670712.00,,,,,,,,In Transit,Vessel Schdule awaited,19,
658,R207,QBL-II,Arrived,Foundry Material,Store,,,,,2026-02-25,,2026-05-25,12.714285714285714,,,14265.00,3989920.50,,,,,,,,Arrived at Works,Shipment booking received ETD:23-04-26,30,
659,R208,QBL-II,Shafts/Ongoing/Import Status/Import Rem,Foundry Material,Engg.,,,,,2026-02-20,,2026-05-20,12.714285714285714,,,10500.00,2936850.00,,,,,,,,Ready Awaiting Sailing,"Mold was rejected during UT inspection and now mold is under re-production. Material is re-prodcuced of dt: 17-06-26. Forwarder has been nominaed, shipment booking is awaited.",35,
660,R209,QCL,Arrived,Refractory Material,Store,,,,,,,,,,,3415.00,955175.50,,,,,,,,Arrived at Works,,36,
661,R210,QCL,Arrived,Refractory Material,Store,,,,,,,,,,,2365.00,661490.50,,,,,,,,Arrived at Works,,36,
662,R211,QCL,Arrived,Foundry Material,Store,,,,,2026-02-24,,2026-05-24,12.714285714285714,,,7260.00,2030622.00,,,,,,,,Arrived at Works,,37,
663,R212,QEN,Arrived,Capex,Capital,,,,,,,,,,,2415.04,675486.69,,,,,,,,Arrived at Works,"Shipment booking has been shared with logistics, Air freight rates awaited.",18,
664,R213,QEN,Arrived,Capex,Capital,,,,,,,,,,,1339.06,374535.08,,,,,,,,Arrived at Works,"Shipment booking has been shared with logistics, Air freight rates awaited.",18,
665,R214,QEN,Arrived,Capex,Capital,,,,,,,,,,,1065.46,298009.16,,,,,,,,Arrived at Works,"Shipment booking has been shared with logistics, Air freight rates awaited.",18,
666,R215,QEN,Arrived,Capex,Capital,,,,,,,,,,,2771.08,775071.08,,,,,,,,Arrived at Works,"Shipment booking has been shared with logistics, Air freight rates awaited.",18,
667,R216,QEN,Arrived,Capex,Capital,,,,,,,,,,,719.08,201126.68,,,,,,,,Arrived at Works,"Shipment booking has been shared with logistics, Air freight rates awaited.",18,
668,R217,QEN,Arrived,Capex,Capital,,,,,,,,,,,789.22,220744.83,,,,,,,,Arrived at Works,"Shipment booking has been shared with logistics, Air freight rates awaited.",18,
669,R218,QEN,Arrived,Capex,Capital,,,,,,,,,,,199.50,55800.15,,,,,,,,Arrived at Works,"Shipment booking has been shared with logistics, Air freight rates awaited.",18,
670,R219,QEN,Arrived,Capex,Capital,,,,,,,,,,,2973.50,831687.95,,,,,,,,Arrived at Works,"Shipment booking has been shared with logistics, Air freight rates awaited.",18,
671,R220,QEN,Arrived,Capex,Capital,,,,,,,,,,,418.00,116914.60,,,,,,,,Arrived at Works,"Shipment booking has been shared with logistics, Air freight rates awaited.",18,
672,R221,QBL-II,Arrived,Cutting Tools,Store,,,,,2026-02-25,,2026-05-25,12.714285714285714,,,275000.00,11233750.00,,,,,,,,Arrived at Works,Shipment bookin received ETD:16-04-26,19,
673,R222,QCL,Shafts/Ongoing/Import Status/Import Rem,Foundry Material,Store,,,,,2026-02-24,,2026-05-24,12.714285714285714,,,5800.00,1620230.00,,,,,,,,Under De-Stuffing,,38,
674,R223,QCL,Arrived,Cutting Tools,Store,,,,,2026-02-24,,2026-05-24,12.714285714285714,,,6250.00,1762500.00,,,,,,,,Arrived at Works,,39,
675,R224,QCL,Arrived,Capex,Store,,,,,2026-01-02,,2026-03-30,12.428571428571429,,,10702.75,3553313.00,,,,,,,,Arrived at Works,,32,
676,R225,QE,Arrived,Engineering Item,Engg.,CE26-FLTD-0003,,Fuller,568.800,2026-02-16,,2026-05-18,13.0,,,3202.34,896656.32,,,,,,,,Arrived at Works,Gateout from Customs on 27-04-26 and pending delivery on Logistics End,40,
677,R226,QE,Arrived,Engineering Item,Engg.,CE26-FLTD-0003,,Fuller,711.000,2026-02-16,,2026-05-18,13.0,,,4002.93,1120820.40,,,,,,,,Arrived at Works,Gateout from Customs on 27-04-26 and pending delivery on Logistics End,40,
678,R227,QEN,Arrived,Capex,Capital,,,,,,,,,,,2409.42,674637.60,,,,,,,,Arrived at Works,"Shipment booking received ETD:17-04-2026/Shipment has been de-stuffed today dt: 08-05-2026H, Shipment will be Gateout Cleareed from custom today dt: 11-05-2026.",18,
679,R228,QEN,Arrived,Capex,Capital,,,,,,,,,,,1204.71,337318.80,,,,,,,,Arrived at Works,"Shipment booking received ETD:17-04-2026/Shipment has been de-stuffed today dt: 08-05-2026H, Shipment will be Gateout Cleareed from custom today dt: 11-05-2026.",18,
680,R229,QEN,Arrived,Capex,Capital,,,,,,,,,,,1204.71,337318.80,,,,,,,,Arrived at Works,"Shipment booking received ETD:17-04-2026/Shipment has been de-stuffed today dt: 08-05-2026H, Shipment will be Gateout Cleareed from custom today dt: 11-05-2026.",18,
681,R230,QEN,Arrived,Capex,Capital,,,,,,,,,,,1204.71,337318.80,,,,,,,,Arrived at Works,"Shipment booking received ETD:17-04-2026/Shipment has been de-stuffed today dt: 08-05-2026H, Shipment will be Gateout Cleareed from custom today dt: 11-05-2026.",18,
682,R231,QBL-II,Arrived,Foundry Material,Store,,,,,2026-01-13,,2026-04-13,12.857142857142858,,,14265.99,3992337.30,,,,,,,,Arrived at Works,For QCL only.,30,
683,R232,QBL-II,Arrived,Foundry Material,Store,,,,,2026-01-27,,2026-04-27,12.857142857142858,,,14265.99,3992337.30,,,,,,,,Arrived at Works,For QBL-II only.,30,
684,R233,QEN,Arrived,Capex,Engg.,,,,,,,,0.0,,,31078.00,8763996.00,,,,,,,,Arrived at Works,On time,41,
685,R234,QE,Arrived,,Trading,,,,27.780,,,,0.0,,,18112.56,5084195.59,,,,,,,,Order Cancelled,Order has been cancelled ( Payment Return is under process),11,
686,R235,QCL,Arrived,,Store,,,,,2025-11-21,,2026-02-21,13.142857142857142,,,6070.00,1702635.00,,,,,,,,Arrived at Works,,38,
687,R236,QBL-II,Arrived,,Store,,,,,2025-11-14,,2026-02-13,13.0,,,16470.00,4623952.50,,,,,,,,Arrived at Works,,42,
856,R405,QEN,Shafts/Ongoing/Import Status/Import Rem,,Samples,,,,,,,,,,,12.02,3348.77,,,,,,,,Under Production,,67,
688,R237,QE,Arrived,,Engg.,SE25-FCGL-0618,,Fives(FCB),,2025-10-28,,2026-02-25,17.142857142857142,,,10666.28,2995091.42,,,,,,,,Arrived at Works,"Material availability was confirmed by the supplier at the time of order placement on 06 March 2026 at the Dubai warehouse. However, vessel booking from Jebel Ali Port is still unconfirmed due to the ongoing war situation in the Gulf region. 
SKF has quoted an air freight cost of USD 1,405. Discussions regarding the additional payment through T/T are currently in process with the bank, and the bank has agreed to process the freight payment through advance T/T. SKF has requested us to wait until Monday, as they are already working on an alternative sea route solution. Air freight booking released by SKF shipment booking has been received ETD:10-04-2026.",34,
689,R238,QCL,Arrived,,Store,,,,,2025-11-18,,2026-02-18,13.142857142857142,,,24900.00,992265.00,,,,,,,,Arrived at Works,,43,
690,R239,QCL,Arrived,,Store,,,,,2025-11-18,,2026-02-18,13.142857142857142,,,83000.00,3307550.00,,,,,,,,Arrived at Works,,43,
691,R240,QBL-II,Arrived,,Store,,,,,2025-11-14,,2026-02-13,13.0,,,6000.00,239100.00,,,,,,,,Arrived at Works,,44,
692,R241,QBL-II,Arrived,,Store,,,,,2025-11-14,,2026-02-13,13.0,,,19000.00,757150.00,,,,,,,,Arrived at Works,,44,
693,R242,QBL-II,Arrived,,Store,,,,,2025-10-27,,2026-01-28,13.285714285714286,,,14589.99,4099787.19,,,,,,,,Arrived at Works,,30,
694,R243,QCL,Arrived,,Store,,,,,2025-10-23,,2026-01-23,,,,6093.00,1710914.40,,,,,,,,Arrived at Works,,45,
695,R244,QBL-II,Arrived,,Store,,,,,,,,0.0,,,1464.00,412116.00,,,,,,,,Arrived at Works,Sample for QBL-II,3,
696,R245,QBL-II,Arrived,,Store,,,,,,,,0.0,,,939.60,264497.40,,,,,,,,Arrived at Works,Sample for QBL-II,3,
697,R246,QBL-II,Arrived,,Store,,,,,,,,0.0,,,714.30,201075.45,,,,,,,,Arrived at Works,Sample for QBL-II,3,
698,R247,QBL-II,Arrived,,Store,,,,,2025-09-22,,2026-01-01,14.428571428571429,,,29179.98,8287114.32,,,,,,,,Arrived at Works,,30,
699,R248,QBL-II,Arrived,,Store,,,,,2025-08-20,,,0.0,,,1410.00,397831.50,,,,,,,,Arrived at Works,,46,
700,R249,QEN,Arrived,,Store,,,,,,2025-08-19,,0.0,,,7600.00,2143960.00,,,,,,,,Arrived at Works,Cargo De-stuffing at port is under process.,47,
701,R250,QEN,Arrived,MS25-31,Store,,,,,,,,0.0,,,782.00,220680.40,Received,Approved,Approved,,,,,Arrived at Works,Vessel booking received ETD: 13-09-2025,48,
702,R251,QE,Arrived,MS25-28,Store,,,,,,,,0.0,,,200.00,56600.00,,,,,,,,Arrived at Works,,49,
703,R252,QEN,Arrived,,,,,,0.112,,,,0.0,,,8335.00,0.00,,,,,,,,Arrived at Works,On time,,
704,R253,QE,Arrived,MS25-28,Store,,,,,,,,0.0,,,3600.00,1018800.00,,,,,,,,Arrived at Works,,49,
705,R254,QE,Arrived,MS25-28,Store,,,,,,,,0.0,,,3935.00,1113605.00,,,,,,,,Arrived at Works,,49,
706,R255,QE,Arrived,MS25-28,Store,,,,,,,,0.0,,,600.00,169800.00,,,,,,,,Arrived at Works,,49,
707,R256,QBL-II,Arrived,,Store,,,,,,,,0.0,,,655.00,185365.00,,,,,,,,Arrived at Works,"Sample Shipment, Vessel rollover ETA shift from 25-09-25 to 10-10-25.",50,
708,R257,QE,Arrived,,Engg.,,,,,,,,0.0,,,583.20,164812.32,,Approved,Approved,,,,,Arrived at Works,Cargo De-stuffing at port is under process.,51,
709,R258,QE,Arrived,,Engg.,,,,,,,,0.0,,,1449.60,409656.96,,Approved,Approved,,,,,Arrived at Works,Cargo De-stuffing at port is under process.,51,
710,R259,QE,Arrived,,Engg.,,,,,,,,0.0,,,119.68,33821.57,,Approved,Approved,,,,,Arrived at Works,Cargo De-stuffing at port is under process.,51,
711,R260,QE,Arrived,,Engg.,,,,,,,,0.0,,,851.52,240639.55,,Approved,Approved,,,,,Arrived at Works,Cargo De-stuffing at port is under process.,51,
712,R261,QE,Arrived,,Engg.,,,,,,,,0.0,,,1158.72,327454.27,,Approved,Approved,,,,,Arrived at Works,Cargo De-stuffing at port is under process.,51,
713,R262,QE,Arrived,,Engg.,,,,,,,,0.0,,,2319.36,655451.14,,Approved,Approved,,,,,Arrived at Works,Cargo De-stuffing at port is under process.,51,
714,R263,QCL,Arrived,,,,,,,,,,0.0,,,582.00,0.00,,,,,,,,Arrived at Works,On time,,
715,R264,QBL-II,Arrived,,Store,,,,,,,,0.0,,,31000.00,0.00,,,,,,,,Arrived at Works,On time,52,
716,R265,QCL,Shafts/Ongoing/Import Status/Import Rem,Scrap,Store,,,,,,,,,,,26432.12,7427425.72,,,,,,,,In Transit,,9,
717,R266,QCL,Shafts/Ongoing/Import Status/Import Rem,Scrap,Store,,,,,,,,,,,90698.52,25486284.12,,,,,,,,In Transit,,9,
718,R267,QCL,Shafts/Ongoing/Import Status/Import Rem,Scrap,Store,,,,,,,,,,,45309.88,12732076.28,,,,,,,,In Transit,,9,
719,R268,QCL,Arrived,Foundry Material,Store,,,,,2026-02-25,,2026-05-25,12.714285714285714,,,1882.82,603407.47,,,,,,,,Arrived at Works,"Vessel Booking received. ETD: 22-04-26, Vessel rollover ETD:02-05-2026. ( 7 MT for QCL & 5 MT for QBL)",12,
720,R269,QCL,Arrived,Refractory Material,Store,,,,,2026-02-25,,2026-05-25,12.714285714285714,,,1110.87,356010.41,,,,,,,,Arrived at Works,"Vessel Booking received. ETD: 22-04-26, Vessel rollover ETD:02-05-2026. ( For QBL-2)",12,
721,R270,QCL,Arrived,Refractory Material,Store,,,,,2026-02-25,,2026-05-24,12.571428571428571,,,1690.36,541725.82,,,,,,,,Arrived at Works,"Vessel Booking received. ETD: 22-04-26, Vessel rollover ETD:02-05-2026. ( For QBL-2)",12,
722,R271,QCL,Arrived,Refractory Material,Store,,,,,2026-02-25,,2026-05-24,12.571428571428571,,,4609.15,1477141.50,,,,,,,,Arrived at Works,"Vessel Booking received. ETD: 22-04-26, Vessel rollover ETD:02-05-2026. ( For QCL)",12,
723,R272,QCL,Arrived,Refractory Material,Store,,,,,2026-02-25,,2026-05-24,12.571428571428571,,,2003.32,642025.55,,,,,,,,Arrived at Works,"Vessel Booking received. ETD: 22-04-26, Vessel rollover ETD:02-05-2026. ( For QCL)",12,
724,R273,QCL,Arrived,Refractory Material,Store,,,,,2026-02-10,,2026-05-04,11.857142857142858,,,2250.00,749250.00,,,,,,,,Arrived at Works,"Shipment ETD is 07-04-2026 and ETA Karachi rollover from 09-05-2026 to 14-05-2026 , to 18-05-2026 and now 21-05-2026",12,
725,R274,QCL,Arrived,Refractory Material,Store,,,,,2026-01-23,,2026-04-23,12.857142857142858,,,774.00,257742.00,,,,,,,,Arrived at Works,"Shipment ETD is 07-04-2026 and ETA Karachi rollover from 09-05-2026 to 14-05-2026 , to 18-05-2026 and now 21-05-2026",12,
726,R275,QCL,Arrived,Refractory Material,Store,,,,,2026-01-23,,2026-04-23,12.857142857142858,,,5428.50,1807690.50,,,,,,,,Arrived at Works,"Shipment ETD is 07-04-2026 and ETA Karachi rollover from 09-05-2026 to 14-05-2026 , to 18-05-2026 and now 21-05-2026",12,
727,R276,QCL,Arrived,Refractory Material,Store,,,,,2026-02-10,,2026-05-04,11.857142857142858,,,1234.80,411188.40,,,,,,,,Arrived at Works,"Shipment ETD is 07-04-2026 and ETA Karachi rollover from 09-05-2026 to 14-05-2026 , to 18-05-2026 and now 21-05-2026",12,
728,R277,QCL,Arrived,Refractory Material,Store,,,,,2026-02-10,,2026-05-04,11.857142857142858,,,1170.00,389610.00,,,,,,,,Arrived at Works,"Shipment ETD is 07-04-2026 and ETA Karachi rollover from 09-05-2026 to 14-05-2026 , to 18-05-2026 and now 21-05-2026",12,
729,R278,QCL,Arrived,Refractory Material,Store,,,,,2026-02-10,,2026-05-04,11.857142857142858,,,478.80,159440.40,,,,,,,,Arrived at Works,"Shipment ETD is 07-04-2026 and ETA Karachi rollover from 09-05-2026 to 14-05-2026 , to 18-05-2026 and now 21-05-2026",12,
730,R279,QCL,Arrived,Refractory Material,Store,,,,,2026-02-10,,2026-05-04,11.857142857142858,,,392.00,130536.00,,,,,,,,Arrived at Works,"Shipment ETD is 07-04-2026 and ETA Karachi rollover from 09-05-2026 to 14-05-2026 , to 18-05-2026 and now 21-05-2026",12,
731,R280,QCL,Arrived,Refractory Material,Sample,,,,,,,,0.0,,,1.00,333.00,,,,,,,,Arrived at Works,"Shipment ETD is 07-04-2026 and ETA Karachi rollover from 09-05-2026 to 14-05-2026 , to 18-05-2026 and now 21-05-2026",12,
732,R281,QCL,Arrived,Refractory Material,Sample,,,,,,,,0.0,,,1.00,333.00,,,,,,,,Arrived at Works,"Shipment ETD is 07-04-2026 and ETA Karachi rollover from 09-05-2026 to 14-05-2026 , to 18-05-2026 and now 21-05-2026",12,
733,R282,QCL,Arrived,Refractory Material,Sample,,,,,,,,0.0,,,1.00,333.00,,,,,,,,Arrived at Works,"Shipment ETD is 07-04-2026 and ETA Karachi rollover from 09-05-2026 to 14-05-2026 , to 18-05-2026 and now 21-05-2026",12,
734,R283,QCL,Arrived,Refractory Material,Sample,,,,,,,,0.0,,,1.00,333.00,,,,,,,,Arrived at Works,"Shipment ETD is 07-04-2026 and ETA Karachi rollover from 09-05-2026 to 14-05-2026 , to 18-05-2026 and now 21-05-2026",12,
735,R284,QCL,Arrived,Refractory Material,Sample,,,,,,,,0.0,,,1.00,333.00,,,,,,,,Arrived at Works,"Shipment ETD is 07-04-2026 and ETA Karachi rollover from 09-05-2026 to 14-05-2026 , to 18-05-2026 and now 21-05-2026",12,
736,R285,QBL-II,Arrived,Refractory Material,Store,,,,,2026-01-27,,2026-04-27,12.857142857142858,,,1100.00,366300.00,,,,,,,,Arrived at Works,"Shipment ETD is 07-04-2026 and ETA Karachi rollover from 09-05-2026 to 14-05-2026 , to 18-05-2026 and now 21-05-2026",12,
737,R286,QCL,Arrived,Foundry Material,Store,,,,,2026-01-13,,2026-04-13,12.857142857142858,,,15360.00,4973568.00,,,,,,,,Arrived at Works,"Shipment ETD is 07-04-2026 and ETA Karachi rollover from 09-05-2026 to 14-05-2026 , to 18-05-2026 and now 21-05-2026",12,
738,R287,QEN,Shafts/Ongoing/Import Status/Import Rem,Capex,Capital,,,,,,,,,,,159736.00,44726080.00,,,,,,,,Under Production,30% Advance and 70% LC at Sight,53,
739,R288,QEN,Arrived,Shafts,Engg.,SL26-ASMZ-0061,,Alliance,2.560,2026-01-16,,2026-05-07,15.857142857142858,,,29184.00,1173196.80,,,,,,,,Arrived at Works,"Material will be ready on dt: 27-03-2026, Shipment booking has been received ETD:07-04-2026, Shipment will reach at QEN on Monday dt: 12-05-2026",11,
740,R289,QEN,Arrived,Shafts,Engg.,SL26-ASMZ-0060,,Alliance,2.740,2026-01-16,,2026-05-07,15.857142857142858,,,22468.00,903213.60,,,,,,,,Arrived at Works,"Material will be ready on dt: 27-03-2026, Shipment booking has been received ETD:07-04-2026, Shipment will reach at QEN on Monday dt: 12-05-2026",11,
741,R290,QEN,Arrived,Shafts,Engg.,SE25-PGMP-0031,,GMP,16.210,2026-01-23,,2026-05-15,16.0,,,139406.00,5604121.20,,,,,,,,Arrived at Works,"Material will be ready on dt: 27-03-2026, Shipment booking has been received ETD:07-04-2026, Shipment will reach at QEN on Monday dt: 12-05-2026",11,
742,R291,QCL,Arrived,Capex,Capital,,,,,,,,0.0,,,2680.00,877700.00,,,,,,,,Arrived at Works,,54,
743,R292,QCL,Arrived,Capex,Capital,,,,,,,,0.0,,,24660.00,8076150.00,,,,,,,,Arrived at Works,,54,
744,R293,QCL,Arrived,Capex,Capital,,,,,,,,0.0,,,21660.00,7093650.00,,,,,,,,Arrived at Works,,54,
745,R294,QCL,Arrived,Capex,Capital,,,,,,,,0.0,,,6000.00,1965000.00,,,,,,,,Arrived at Works,,54,
746,R295,QEN,Shafts/Ongoing/Import Status/Import Rem,Capex,Capital,,,,,,,,,,,79868.00,22522776.00,,,,,,,,Under Production,30% Advance and 70% LC at Sight,53,
747,R296,QCL,Arrived,Foundry Material,Store,,,,,2025-12-24,,2026-03-24,12.857142857142858,,,57708.24,16273723.68,,,,,,,,Arrived at Works,,55,
748,R297,QCL,Arrived,Foundry Material,Store,,,,,2025-12-24,,2026-03-24,12.857142857142858,,,15308.52,4317002.64,,,,,,,,Arrived at Works,,55,
749,R298,QEN,Arrived,Capex,Capital,,,,,,,,,,,310.20,87476.40,,,,,,,,Arrived at Works,50% Advance and 50% LC at Sight ( 50% TT Processed),56,
750,R299,QEN,Arrived,Capex,Capital,,,,,,,,,,,3634.04,1024799.28,,,,,,,,Arrived at Works,50% Advance and 50% LC at Sight ( 50% TT Processed),56,
751,R300,QEN,Arrived,Capex,Capital,,,,,,,,,,,1700.46,479529.72,,,,,,,,Arrived at Works,50% Advance and 50% LC at Sight ( 50% TT Processed),56,
752,R301,QEN,Arrived,Capex,Capital,,,,,,,,,,,2220.28,626118.96,,,,,,,,Arrived at Works,50% Advance and 50% LC at Sight ( 50% TT Processed),56,
753,R302,QEN,Arrived,Capex,Capital,,,,,,,,,,,752.00,212064.00,,,,,,,,Arrived at Works,50% Advance and 50% LC at Sight ( 50% TT Processed),56,
754,R303,QEN,Arrived,Capex,Capital,,,,,,,,,,,1695.76,478204.32,,,,,,,,Arrived at Works,50% Advance and 50% LC at Sight ( 50% TT Processed),56,
755,R304,QEN,Arrived,Capex,Capital,,,,,,,,,,,3045.60,858859.20,,,,,,,,Arrived at Works,50% Advance and 50% LC at Sight ( 50% TT Processed),56,
756,R305,QEN,Arrived,Capex,Capital,,,,,,,,,,,4483.80,1264431.60,,,,,,,,Arrived at Works,50% Advance and 50% LC at Sight ( 50% TT Processed),56,
757,R306,QBL-II,Arrived,,Store,,,,21.600,,,,,,,16632.00,4656960.00,,,,,,,,Arrived at Works,15.2 Ton for QCL and 6.4 Ton  from QBL-2,3,
758,R307,QEN,Arrived,,Engg.,SL25-SWSM-0115,,SW Sugar,4.134,2025-12-01,,2026-02-23,12.0,,,31831.80,1273272.00,,,,,,,,Arrived at Works,Vessel Rollover from ETD: 25-01-26 to 09-02-2026 & 17-02-26 due to shipper export license issue and vessel rollover.,6,
759,R308,QEN,Arrived,,Engg.,SL25-SWSM-0115,,SW Sugar,31.772,2025-12-01,,2026-02-23,12.0,,,244644.40,9785776.00,,,,,,,,Arrived at Works,Vessel Rollover from ETD: 25-01-26 to 09-02-2026 & 17-02-26 due to shipper export license issue and vessel rollover.,6,
760,R309,QEN,Arrived,,Engg.,SL25-SWSM-0115,,SW Sugar,15.880,2025-12-01,,2026-02-23,12.0,,,122276.00,4891040.00,,,,,,,,Arrived at Works,Vessel Rollover from ETD: 25-01-26 to 09-02-2026 & 17-02-26 due to shipper export license issue and vessel rollover.,6,
761,R310,QCL,Arrived,,Store,,,,,2025-11-21,,2026-02-21,13.142857142857142,,,26125.00,7367250.00,,,,,,,,Arrived at Works,,29,
762,R311,QEN,Arrived,,Engg.,SE25-LAGL-0022,,LA Gloria,10.620,2025-11-20,,2026-02-15,12.428571428571429,,,81774.00,3270960.00,,,,,,,,Arrived at Works,,11,
763,R312,QEN,Arrived,,Engg.,SE25-LAGL-0023,,LA Gloria,9.610,2025-11-20,,2026-02-15,12.428571428571429,,,73997.00,2959880.00,,,,,,,,Arrived at Works,,11,
764,R313,QCL,Arrived,,Store,,,,,2025-10-23,,2026-01-23,13.142857142857142,,,7584.00,2122003.20,,,,,,,,Arrived at Works,,3,
765,R314,QCL,Arrived,,Store,,,,,2025-11-21,,2026-02-21,13.142857142857142,,,3896.97,1090372.21,,,,,,,,Arrived at Works,,3,
766,R315,QCL,Arrived,,Store,,,,,2025-11-21,,2026-02-21,13.142857142857142,,,9561.60,2675335.68,,,,,,,,Arrived at Works,,3,
767,R316,QCL,Arrived,,Store,,,,,,,,0.0,,,60533.11,16967430.73,,,,,,,,Arrived at Works,,9,
768,R317,QCL,Arrived,,Store,,,,,2025-10-23,,2026-01-23,,,,5019.94,1636499.25,,,,,,,,Arrived at Works,"Vessel booking received from Cukurova ETD:17-12-2025, Vessel rollover ETD:30-12-25",12,
769,R318,QCL,Arrived,,Hammad Cukurova,,,,,,,,,,,602.14,196297.26,,,,,,,,Arrived at Works,Trading Mtaerial for Hammad Cukurova/Vessel booking received from Cukurova ETD:17-12-2025,12,
770,R319,QCL,Arrived,,Hammad Cukurova,,,,,,,,,,,89.79,29272.40,,,,,,,,Arrived at Works,Trading Mtaerial for Hammad Cukurova/Vessel booking received from Cukurova ETD:17-12-2025,12,
771,R320,QCL,Arrived,,Store,,,,,2025-11-11,,2026-02-11,,,,4420.97,1441235.13,,,,,,,,Arrived at Works,"Vessel booking received from Cukurova ETD:17-12-2025, Vessel rollover ETD:30-12-25",12,
772,R321,QCL,Arrived,,Hammad Cukurova,,,,,,,,,,,126.77,41325.74,,,,,,,,Arrived at Works,Trading Mtaerial for Hammad Cukurova/Vessel booking received from Cukurova ETD:17-12-2025,12,
773,R322,QCL,Arrived,,Store,,,,,2025-10-23,,2026-01-23,,,,5810.11,1894096.35,,,,,,,,Arrived at Works,"Vessel booking received from Cukurova ETD:17-12-2025, Vessel rollover ETD:30-12-25",12,
774,R323,QCL,Arrived,,Store,,,,,2025-10-23,,2026-01-23,,,,792.29,258285.87,,,,,,,,Arrived at Works,"Vessel booking received from Cukurova ETD:17-12-2025, Vessel rollover ETD:30-12-25 
- DHL number received
- Dox retiremnet request proceeded - 06-01-26
- Clearance request pending",12,
775,R324,QEN,Arrived,SR25-36,Engg.,CE25-MPTS-0008,,Mechprotech,2.560,2025-10-23,2025-10-24,2026-01-14,11.857142857142858,,,25600.00,1011200.00,,,,,,,,Arrived at Works,On time delivery/Docs retirement Awaited.,6,
776,R325,QEN,Arrived,SR25-36,Engg.,CL25-DCLH-0055,,DEWAN ©,5.160,,2025-10-24,,0.0,,,69144.00,2731188.00,,,,,,,,Arrived at Works,On time delivery/Docs retirement Awaited.,6,
777,R326,QEN,Arrived,SR25-33,Store,Stock,,Stock,13.860,,2025-10-02,,0.0,,,115731.00,4629240.00,,,,,,,,Arrived at Works,Vessel rollover ETA from 11-12-2025 to 18-12-2025.,6,
778,R327,QEN,Arrived,SR25-33,Store,SE25-STMA-0029,,SKOR'TSF,3.950,2025-10-16,2025-10-16,2026-01-06,11.714285714285714,,,32982.50,1319300.00,,,,,,,,Arrived at Works,Vessel rollover ETA from 11-12-2025 to 18-12-2025.,6,
779,R328,QEN,Arrived,SR25-33,Store,SE25-STMA-0030,,SKOR'TSF,3.950,2025-10-16,2025-10-16,2026-01-06,11.714285714285714,,,32982.50,1319300.00,,,,,,,,Arrived at Works,Vessel rollover ETA from 11-12-2025 to 18-12-2025.,6,
780,R329,QCL,Arrived,,Store,,,,,,,,,,,350.00,115500.00,,,,,,,,Arrived at Works,"Additional QTY added for Hammad CUKUROVA/Vessel Booking received on Dt: 20-10-2025, ETD: 03-11-2025",12,
781,R330,QCL,Arrived,,Store,,,,,,,,,,,192.00,63360.00,,,,,,,,Arrived at Works,"Additional QTY added for Hammad CUKUROVA/Vessel Booking received on Dt: 20-10-2025, ETD: 03-11-2025",12,
782,R331,QCL,Arrived,,Store,,,,,,,,,,,28.75,9487.50,,,,,,,,Arrived at Works,"QBL-II Sample/Vessel Booking received on Dt: 20-10-2025, ETD: 03-11-2025",12,
783,R332,QCL,Arrived,,Store,,,,,,,,,,,1053.00,347490.00,,,,,,,,Arrived at Works,"Additional QTY added for Hammad CUKUROVA/Vessel Booking received on Dt: 20-10-2025, ETD: 03-11-2025",12,
784,R333,QCL,Arrived,,Store,,,,,,,,,,,615.00,202950.00,,,,,,,,Arrived at Works,"Additional QTY added for Hammad CUKUROVA/Vessel Booking received on Dt: 20-10-2025, ETD: 03-11-2025",12,
785,R334,QCL,Arrived,,Store,,,,,,,,,,,1080.00,356400.00,,,,,,,,Arrived at Works,"Additional QTY added for Hammad CUKUROVA/Vessel Booking received on Dt: 20-10-2025, ETD: 03-11-2025",12,
786,R335,QEN,Arrived,MS25-25,Store,,,,,,2025-07-08,,0.0,,,58000.00,16306700.00,,,,,,,,Arrived at Works,"Awaited demand from QEN./Material is ready, paxcking list sent to logistics for forwarder arrangements.",20,
787,R336,QCL,Arrived,,,,,,,,,,0.0,,,66075.75,18752297.85,,,,,,,,Arrived at Works,On time,,
788,R337,QCL,Arrived,,Store,,,,,,,,0.0,,,66075.75,18752297.85,,,,,,,,Arrived at Works,"On-time ( ETA changed from 02-Sep to 09-Sep, 13 Sep & 20 Sep)",9,
789,R338,QH,Arrived,,Store,,,,50.390,,,,0.0,,,40376.00,11396126.00,,,,,,,,Arrived at Works,On time,11,
790,R339,QCL,Arrived,,Scraps,,,,,,,,0.0,,,63148.00,17605662.40,,,,,,,,Arrived at Works,On time,57,
791,R340,QCL,Arrived,,Scraps,,,,,,,,0.0,,,31383.00,8768410.20,,,,,,,,Arrived at Works,On time,9,
792,R341,QH,Arrived,,Store,,,,25.960,,,,0.0,,,214717.00,0.00,,,,,,,,Arrived at Works,On time,11,
793,R342,QCL,Arrived,,Scraps,,,,,,,,0.0,,,42385.00,11819057.25,,,,,,,,Arrived at Works,On time,9,
794,R343,QE,Arrived,Temporray Import,Refurb.,,,,,,,,,,,,,,,,,,,,Arrived at Works,,5,
795,R344,QE,Arrived,Temporray Import,Refurb.,,,,,,,,,,,,,,,,,,,,Arrived at Works,,58,
796,R345,QE,Arrived,,Refurb.,EXP 2409,,,,,,,,,,,,,,,,,,,Arrived at Works,,5,
797,R346,QE,Arrived,,Refurb.,Exp 2372,,Bais,56.250,,,,,,,,,,,,,,,,Arrived at Works,,59,
798,R347,QE,Arrived,,Refurb.,Exp 2372,,Bais,56.250,,,,,,,,,,,,,,,,Arrived at Works,Partial Shipment F.I Issue Pending,59,
799,R348,QE,Arrived,,,,,,,,,,0.0,,,10760.00,3055840.00,,,,,,,,Arrived at Works,,60,
800,R349,QE,Arrived,,,,,,,,,,0.0,,,,0.00,,,,,,,,Arrived at Works,,5,
801,R350,QE,Arrived,,,,,,,,,,0.0,,,9848.00,2796832.00,,,,,,,,Arrived at Works,,5,
802,R351,QCL,Shafts/Ongoing/Import Status/Import Rem,Foundry Material,Trading,,,,,,,,0.0,,,30000.00,8460000.00,,,,,,,,Under Production,Trading Purpose only.,61,
803,R352,QCL,Arrived,,Scraps,,,,,,,,0.0,,,11613.00,3233059.20,,,,,,,,Arrived at Works,On time,9,
804,R353,QCL,Arrived,,Store,,,,,2026-02-20,,2026-03-06,,,,9750.00,390000.00,,,,,,,,Order Cancelled,,62,
805,R354,QCL,Arrived,,Store,,,,,2026-02-20,,2026-03-06,,,,6175.00,247000.00,,,,,,,,Order Cancelled,,62,
806,R355,QBl-II,Shafts/Ongoing/Import Status/Import Rem,Ferro Alloys,Store,,,,,2026-04-28,,2026-07-28,13.0,,,24495.00,6826756.50,,,,,,,,In Transit,,14,
807,R356,QBL-II,Shafts/Ongoing/Import Status/Import Rem,,Store,,,,,2026-05-20,,2026-08-20,,,,30340.00,8525540.00,,,,,,,,In Transit,,14,
808,R357,QCL,Shafts/Ongoing/Import Status/Import Rem,Foundry Material,Store,,,,,2026-04-28,,2026-07-28,,,,2996.00,969655.40,,,,,,,,Ready Awaiting Sailing,Vessel Booking Reeceived ETD: 10-07-2026. ETD: 20-08-26,32,
809,R358,QCL,Arrived,Capex,Engg.,,,,,2026-05-11,,2026-06-01,3.0,,,3890.00,1093090.00,,,,,,,,Arrived at Works,,63,
810,R359,QE,Arrived,Engineering Item,Store,,,,,2026-04-02,,2026-04-18,2.2857142857142856,,,690.00,192372.00,,,,,,,,Arrived at Works,,24,
811,R360,QBl-II,Shafts/Ongoing/Import Status/Import Rem,Foundry Material,Store,,,,,2026-04-27,,2026-07-27,13.0,,,56376.00,15717628.80,,,,,,,,In Transit,"Prodcution will be completed on 22-05-2026 and Vessel booking applied by Shipper, booking date awaited. 20MT for QBL & 44.8MT for QCL",3,
812,R361,QEN,Shafts/Ongoing/Import Status/Import Rem,Shafts,Engg.,SL26-MEHS-0350,,Mehran,14.770,2026-06-02,,2026-08-25,12.0,,,104865.58,4299488.78,,,,,,,,Under Production,Production is about to complete. Forwarder nomination is awaited from Logistics.,11,
813,R362,QEN,Shafts/Ongoing/Import Status/Import Rem,Shafts,Engg.,SL26-MEHS-0352,,Mehran,2.454,2026-06-02,,2026-08-25,12.0,,,17425.53,714446.73,,,,,,,,Under Production,Production is about to complete. Forwarder nomination is awaited from Logistics.,11,
814,R363,QEN,Shafts/Ongoing/Import Status/Import Rem,Shafts,Engg.,SL26-MEHS-0351,,Mehran,7.474,2026-06-02,,2026-08-25,12.0,,,53063.98,2175623.18,,,,,,,,Under Production,Production is about to complete. Forwarder nomination is awaited from Logistics.,11,
815,R364,QEN,Shafts/Ongoing/Import Status/Import Rem,Shafts,Engg.,SL26-JKS1-0296,,JK-1,5.894,2026-06-03,,2026-08-26,12.0,,,41847.40,1715743.40,,,,,,,,Under Production,Production is about to complete. Forwarder nomination is awaited from Logistics.,11,
816,R365,QEN,Shafts/Ongoing/Import Status/Import Rem,Shafts,Engg.,SE26-ADKG-0001,,PT.ADIKARYA,6.916,2026-06-08,,2026-08-31,12.0,,,56711.20,2325159.20,,,,,,,,Under Production,Production is about to complete. Forwarder nomination is awaited from Logistics.,11,
817,R366,QEN,Shafts/Ongoing/Import Status/Import Rem,Shafts,Engg.,SE26-SCHD-0001,,TCCHAD-SOMDIAA,4.967,2026-06-08,,2026-08-31,12.0,,,35265.70,1445893.70,,,,,,,,Under Production,Production is about to complete. Forwarder nomination is awaited from Logistics.,11,
818,R367,QEN,Shafts/Ongoing/Import Status/Import Rem,Shafts,Engg.,SE26-SCHD-0002,,TCCHAD-SOMDIAA,4.880,2026-06-08,,2026-08-31,12.0,,,34648.00,1420568.00,,,,,,,,Under Production,Production is about to complete. Forwarder nomination is awaited from Logistics.,11,
819,R368,QEN,Shafts/Ongoing/Import Status/Import Rem,Shafts,Engg.,SL26-THAS-0085,,Tharparkar,8.358,2026-06-10,,2026-09-02,12.0,,,59759.70,2450147.70,,,,,,,,Under Production,,6,
820,R369,QEN,Shafts/Ongoing/Import Status/Import Rem,Shafts,Engg.,SE26-SMHE-0085,,Sonkor-MHLUME,12.394,2026-06-09,,2026-09-01,12.0,,,102870.20,4217678.20,,,,,,,,Under Production,,6,
821,R370,QEN,Shafts/Ongoing/Import Status/Import Rem,Shafts,Engg.,SE26-SMHE-0084,,Sonkor-MHLUME,6.197,2026-06-09,,2026-09-01,12.0,,,51435.10,2108839.10,,,,,,,,Under Production,,6,
822,R371,QEN,Shafts/Ongoing/Import Status/Import Rem,Shafts,Engg.,SL26-ASML-0047,,Ansari,1.239,2026-06-10,,2026-09-02,12.0,,,13629.00,558789.00,,,,,,,,Under Production,,6,
823,R372,QEN,Shafts/Ongoing/Import Status/Import Rem,Shafts,Engg.,SL26-SAKS-0111,,Sakrand,9.364,2026-06-16,,2026-09-08,12.0,,,66952.60,2745056.60,,,,,,,,Under Production,,6,
824,R373,QEN,Shafts/Ongoing/Import Status/Import Rem,Shafts,Engg.,SL26-TAMS-0029,,Tando Allayar,5.178,2026-06-12,,2026-09-04,12.0,,,43234.63,1772619.83,,,,,,,,Under Production,,6,
825,R374,QEN,Shafts/Ongoing/Import Status/Import Rem,Shafts,Engg.,SL26-SAKS-0112,,Sakrand,4.280,2026-06-19,,2026-09-11,12.0,,,35738.00,1465258.00,,,,,,,,Under Production,,6,
826,R375,QEN,Shafts/Ongoing/Import Status/Import Rem,Shafts,Engg.,"SE26-GFUL-0145,0146,0147",,GREEN FUEL,131.166,2026-06-17,,2026-09-09,12.0,,,880425.54,36097447.21,,,,,,,,Under Production,,11,
827,R376,QEN,Shafts/Ongoing/Import Status/Import Rem,Shafts,Engg.,SL26-ASHS-0176,,Ashraf Sugar,28.401,2026-06-30,,2026-09-22,12.0,,,203067.15,8325753.15,,,,,,,,LC in Process,,6,
828,R377,QBL-II,Shafts/Ongoing/Import Status/Import Rem,Scrap,Store,,,,,,,,,,,9918.10,2786985.07,,,,,,,,In Transit,,9,
829,R378,QBL-II,Shafts/Ongoing/Import Status/Import Rem,Scrap,Store,,,,,,,,,,,55497.25,15594727.17,,,,,,,,In Transit,,9,
830,R379,QBL-II,Shafts/Ongoing/Import Status/Import Rem,Scrap,Store,,,,,,,,,,,11374.55,3196248.55,,,,,,,,In Transit,,9,
831,R380,QBL-II,Shafts/Ongoing/Import Status/Import Rem,Scrap,Store,,,,,,,,,,,21456.05,6029150.05,,,,,,,,In Transit,,9,
832,R381,QCL,Shafts/Ongoing/Import Status/Import Rem,Scrap,Store,,,,,,,,,,,220000.00,61820000.00,,,,,,,,In Transit,,8,
833,R382,QBl-II,Shafts/Ongoing/Import Status/Import Rem,Foundry Material,Store,,,,,2026-04-28,,2026-07-28,13.0,,,9950.00,2795950.00,,,,,,,,In Transit,"Prodcution will be completed on 22-05-2026 and Vessel booking applied by Shipper, booking date awaited..",3,
834,R383,QCL,Shafts/Ongoing/Import Status/Import Rem,Foundry Material,Store,,,,,2026-04-27,,2026-07-27,13.0,,,27170.00,7634770.00,,,,,,,,In Transit,"Prodcution will be completed on 22-05-2026 and Vessel booking applied by Shipper, booking date awaited..",3,
835,R384,QE,Arrived,Engineering Item,Engg.,,,,,2026-04-15,,2026-04-30,2.142857142857143,,,7350.00,301350.00,,,,,,,,Arrived at Works,,64,
836,R385,QE,Arrived,Engineering Item,Engg.,,,,,,,,0.0,,,167.85,46779.80,,,,,,,,Arrived at Works,,65,
837,R386,QE,Shafts/Ongoing/Import Status/Import Rem,Temporray Import,Refurb.,,,,,,,,0.0,,,0.00,0.00,,,,,,,,Arrived at QFL,,58,
838,R387,QCL,Arrived,Refractory Material,Store,,,,,2026-03-10,,2026-06-10,13.142857142857142,,,5753.07,1843745.06,,,,,,,,Arrived at Works,"Vessel Booking received. ETD: 22-04-26, Vessel rollover ETD:02-05-2026. ( For QCL)",12,
839,R388,QBL-II,Shafts/Ongoing/Import Status/Import Rem,Foundry Material,Store,,,,,2026-02-25,,2026-05-25,12.714285714285714,,,15480.00,4984560.00,,,,,,,,In Transit,"Shipment booking has been received with ETD 09-05-26. However, the shipment has been unexpectedly delayed due to the current Red Sea issue, which has increased the transit time from 45 days to approximately 70 days. Additionally, the booking was received by the supplier from the shipping line after a delay of 18 days.",12,
840,R389,QCL,Shafts/Ongoing/Import Status/Import Rem,Foundry Material,Store,,,,,2026-04-27,,2026-07-27,,,,10827.00,3518775.00,,,,,,,,Ready Awaiting Sailing,"Vessel Booking Received ETD: 26-06-26, New ETD: 02-07-26  ETA: 30-07-26",12,
841,R390,QCL,Shafts/Ongoing/Import Status/Import Rem,Foundry Material,Store,,,,,2026-05-12,,2026-08-12,,,,4975.20,1616940.00,,,,,,,,Ready Awaiting Sailing,"For QCL 260 Kg & For QBL-II 100 Kg.//Vessel Booking Received ETD: 26-06-26, New ETD: 02-07-26  ETA: 30-07-26",12,
842,R391,QCL,Shafts/Ongoing/Import Status/Import Rem,Foundry Material,Store,,,,,2026-04-27,,2026-07-27,,,,5022.00,1632150.00,,,,,,,,Ready Awaiting Sailing,"Vessel Booking Received ETD: 26-06-26, New ETD: 02-07-26  ETA: 30-07-26",12,
843,R392,QBL-II,Shafts/Ongoing/Import Status/Import Rem,Refactory,Store,,,,,2026-04-28,,2026-07-28,13.0,,,1240.20,403065.00,,,,,,,,Ready Awaiting Sailing,"Vessel Booking Received ETD: 26-06-26, New ETD: 02-07-26  ETA: 30-07-26",12,
844,R393,QBL-II,Shafts/Ongoing/Import Status/Import Rem,Refactory,Store,,,,,2026-05-12,,2026-08-12,13.142857142857142,,,1788.48,581256.00,,,,,,,,Ready Awaiting Sailing,"Vessel Booking Received ETD: 26-06-26, New ETD: 02-07-26  ETA: 30-07-26",12,
845,R394,QEN,Shafts/Ongoing/Import Status/Import Rem,Engineering Item,Engg.,,,,,2026-05-22,,2026-07-10,7.0,,,6145.00,1711997.00,,,,,,,,Under Production,,66,
846,R395,QCL,Shafts/Ongoing/Import Status/Import Rem,Refactory,Store,,,,,2026-05-20,,2026-08-20,13.142857142857142,,,3034.08,845294.69,,,,,,,,Under Production,,27,
847,R396,QCL,Shafts/Ongoing/Import Status/Import Rem,Refactory,Store,,,,,2026-05-12,,2026-08-12,13.142857142857142,,,6940.00,1933484.00,,,,,,,,Under Production,,36,
848,R397,QEN,Shafts/Ongoing/Import Status/Import Rem,,Samples,,,,,,,,0.0,,,370.50,103740.00,,,,,,,,T/T in Process,,67,
849,R398,QEN,Shafts/Ongoing/Import Status/Import Rem,,Samples,,,,,,,,0.0,,,18.90,5292.00,,,,,,,,T/T in Process,,67,
850,R399,QEN,Shafts/Ongoing/Import Status/Import Rem,,Samples,,,,,,,,,,,108.50,30228.10,,,,,,,,Under Production,,67,
851,R400,QEN,Shafts/Ongoing/Import Status/Import Rem,,Samples,,,,,,,,,,,15.70,4374.02,,,,,,,,Under Production,,67,
852,R401,QEN,Shafts/Ongoing/Import Status/Import Rem,,Samples,,,,,,,,,,,7.84,2184.22,,,,,,,,Under Production,,67,
853,R402,QEN,Shafts/Ongoing/Import Status/Import Rem,,Samples,,,,,,,,,,,9.68,2696.85,,,,,,,,Under Production,,67,
854,R403,QEN,Shafts/Ongoing/Import Status/Import Rem,,Samples,,,,,,,,,,,10.46,2914.16,,,,,,,,Under Production,,67,
855,R404,QEN,Shafts/Ongoing/Import Status/Import Rem,,Samples,,,,,,,,,,,38.96,10854.26,,,,,,,,Under Production,,67,
857,R406,QEN,Shafts/Ongoing/Import Status/Import Rem,,Samples,,,,,,,,,,,28.76,8012.54,,,,,,,,Under Production,,67,
858,R407,QEN,Shafts/Ongoing/Import Status/Import Rem,,Samples,,,,,,,,,,,11.76,3276.34,,,,,,,,Under Production,,67,
859,R408,QEN,Shafts/Ongoing/Import Status/Import Rem,,Samples,,,,,,,,,,,1.78,495.91,,,,,,,,Under Production,,67,
860,R409,QEN,Shafts/Ongoing/Import Status/Import Rem,,Samples,,,,,,,,,,,15.75,4387.95,,,,,,,,Under Production,,67,
861,R410,QEN,Shafts/Ongoing/Import Status/Import Rem,,Samples,,,,,,,,,,,100.00,27860.00,,,,,,,,Under Production,,67,
862,R411,QEN,Shafts/Ongoing/Import Status/Import Rem,,Samples,,,,,,,,,,,10.40,2897.44,,,,,,,,Under Production,,67,
863,R412,QEN,Shafts/Ongoing/Import Status/Import Rem,,Samples,,,,,,,,,,,84.00,23402.40,,,,,,,,Under Production,,67,
864,R413,QEN,Shafts/Ongoing/Import Status/Import Rem,,Samples,,,,,,,,,,,10.40,2897.44,,,,,,,,Under Production,,67,
865,R414,QCL,Shafts/Ongoing/Import Status/Import Rem,Cutting Tools,Store,,,,,2026-05-12,,2026-08-12,,,,6250.00,1741250.00,,,,,,,,Under Production,,39,
866,R415,QCL,Shafts/Ongoing/Import Status/Import Rem,Foundry Material,Store,,,,,2026-05-20,,2026-08-20,,,,7800.00,2173080.00,,,,,,,,Under Production,,45,
867,R416,QCL,Shafts/Ongoing/Import Status/Import Rem,Foundry Material,Store,,,,,2026-05-12,,2026-08-12,13.142857142857142,,,76050.00,21446100.00,,,,,,,,LC in Process,,55,
868,R417,QBL-II,Shafts/Ongoing/Import Status/Import Rem,Refactory,Store,,,,,2026-04-28,,2026-07-28,13.0,,,2310.00,643566.00,,,,,,,,Under Production,,3,
869,R418,QBL-II,Shafts/Ongoing/Import Status/Import Rem,Refactory,Store,,,,,2026-04-28,,2026-07-28,13.0,,,1394.40,388479.84,,,,,,,,Under Production,,3,
870,R419,QBL-II,Shafts/Ongoing/Import Status/Import Rem,Refactory,Store,,,,,2026-04-28,,2026-07-28,,,,19792.50,811492.50,,,,,,,,Under Production,,10,
871,R420,QBL-II,Shafts/Ongoing/Import Status/Import Rem,Refactory,Store,,,,,2026-05-12,,2026-08-12,,,,1640.00,67240.00,,,,,,,,Under Production,,10,
872,R421,QBL-II,Shafts/Ongoing/Import Status/Import Rem,Refactory,Store,,,,,,,,,,,3745.00,153545.00,,,,,,,,Under Production,,10,
873,R422,QBL-II,Shafts/Ongoing/Import Status/Import Rem,Refactory,Store,,,,,,,,,,,9028.92,370185.72,,,,,,,,Under Production,,10,
874,R423,QBL-II,Shafts/Ongoing/Import Status/Import Rem,Refactory,Store,,,,,2026-04-28,,2026-07-28,,,,6280.00,257480.00,,,,,,,,Under Production,,10,
875,R424,QBL-II,Shafts/Ongoing/Import Status/Import Rem,Refactory,Store,,,,,2026-04-28,,2026-07-28,,,,6280.00,257480.00,,,,,,,,Under Production,,10,
876,R425,QBL-II,Shafts/Ongoing/Import Status/Import Rem,Refactory,Store,,,,,2026-04-28,,2026-07-28,,,,50240.00,2059840.00,,,,,,,,Under Production,,10,
877,R426,QBL-II,Shafts/Ongoing/Import Status/Import Rem,Refactory,Store,,,,,,,,,,,57.40,2353.40,,,,,,,,Under Production,,10,
878,R427,QBL-II,Shafts/Ongoing/Import Status/Import Rem,Refactory,Store,,,,,,,,,,,68.60,2812.60,,,,,,,,Under Production,,10,
879,R428,QBL-II,Shafts/Ongoing/Import Status/Import Rem,Refactory,Store,,,,,,,,,,,97.20,3985.20,,,,,,,,Under Production,,10,
880,R429,QBL-II,Shafts/Ongoing/Import Status/Import Rem,Refactory,Store,,,,,,,,,,,162.70,6670.70,,,,,,,,Under Production,,10,
881,R430,QBL-II,Shafts/Ongoing/Import Status/Import Rem,Refactory,Store,,,,,,,,,,,398.50,16338.50,,,,,,,,Under Production,,10,
882,R431,QBL-II,Shafts/Ongoing/Import Status/Import Rem,Refactory,Store,,,,,,,,,,,433.10,17757.10,,,,,,,,Under Production,,10,
883,R432,QBL-II,Shafts/Ongoing/Import Status/Import Rem,Refactory,Store,,,,,,,,,,,571.90,23447.90,,,,,,,,Under Production,,10,
884,R433,QBL-II,Shafts/Ongoing/Import Status/Import Rem,Refactory,Store,,,,,,,,,,,717.60,29421.60,,,,,,,,Under Production,,10,
885,R434,QBL-II,Shafts/Ongoing/Import Status/Import Rem,Refactory,Store,,,,,,,,,,,984.80,40376.80,,,,,,,,Under Production,,10,
886,R435,QBL-II,Shafts/Ongoing/Import Status/Import Rem,Refactory,Store,,,,,,,,,,,48.20,1976.20,,,,,,,,Under Production,,10,
887,R436,QBL-II,Shafts/Ongoing/Import Status/Import Rem,Refactory,Store,,,,,,,,,,,112.60,4616.60,,,,,,,,Under Production,,10,
888,R437,QBL-II,Shafts/Ongoing/Import Status/Import Rem,Refactory,Store,,,,,,,,,,,199.10,8163.10,,,,,,,,Under Production,,10,
889,R438,QBL-II,Shafts/Ongoing/Import Status/Import Rem,Refactory,Store,,,,,,,,,,,357.00,14637.00,,,,,,,,Under Production,,10,
890,R439,QBL-II,Shafts/Ongoing/Import Status/Import Rem,Refactory,Store,,,,,,,,,,,402.60,16506.60,,,,,,,,Under Production,,10,
891,R440,QBL-II,Shafts/Ongoing/Import Status/Import Rem,Refactory,Store,,,,,,,,,,,481.70,19749.70,,,,,,,,Under Production,,10,
892,R441,QBL-II,Shafts/Ongoing/Import Status/Import Rem,Refactory,Store,,,,,,,,,,,593.70,24341.70,,,,,,,,Under Production,,10,
893,R442,QBL-II,Shafts/Ongoing/Import Status/Import Rem,Refactory,Store,,,,,,,,,,,672.10,27556.10,,,,,,,,Under Production,,10,
894,R443,QBL-II,Shafts/Ongoing/Import Status/Import Rem,Refactory,Store,,,,,,,,,,,836.60,34300.60,,,,,,,,Under Production,,10,
895,R444,QE,Shafts/Ongoing/Import Status/Import Rem,Engineering Item,Engg.,CE26-MO-0147,CE26-MO-0147,PPC Cement,2.649,2026-06-12,,2026-07-24,,,,6026.69,1679034.98,,,,,,,,Under Production,Cutting Inprocess ( RFD on 22-06-2026) Logistics is arranging Freight Forwarder for Shipping.,40,
896,R445,QBL-II,Shafts/Ongoing/Import Status/Import Rem,Refactory,Store,,,,,2026-04-28,,2026-07-28,13.0,,,1550.40,503880.00,,,,,,,,Under Production,"Vessel Booking Received ETD: 26-06-26,  ETA: 22-07-26",12,
897,R446,QCL,Shafts/Ongoing/Import Status/Import Rem,Refactory,Store,,,,,2026-05-12,,2026-08-12,,,,435.20,121224.96,,,,,,,,Ready Awaiting Sailing,"Material is ready, Packing List received from supplier.Forwarder arrnagment is in process.",68,
898,R447,QCL,Shafts/Ongoing/Import Status/Import Rem,Refactory,Store,,,,,2026-05-12,,2026-08-12,,,,1152.00,320889.60,,,,,,,,Ready Awaiting Sailing,"Material is ready, Packing List received from supplier.Forwarder arrnagment is in process.",68,
899,R448,QCL,Shafts/Ongoing/Import Status/Import Rem,Refactory,Store,,,,,2026-05-12,,2026-08-12,,,,209.00,58216.95,,,,,,,,Ready Awaiting Sailing,"Material is ready, Packing List received from supplier.Forwarder arrnagment is in process.",68,
900,R449,QCL,Shafts/Ongoing/Import Status/Import Rem,Ferro Alloys,Store,,,,,2026-06-22,,2026-09-23,,,,,0.00,,,,,,,,Costing in Process,,,
901,R450,QCL,Shafts/Ongoing/Import Status/Import Rem,Foundry Material,Store,,,,,2026-07-29,,2026-09-29,,,,25650.00,7156350.00,,,,,,,,Costing in Process,,69,
902,R451,QCL,Shafts/Ongoing/Import Status/Import Rem,Foundry Material,Store,,,,,2026-07-29,,2026-09-29,,,,59850.00,16698150.00,,,,,,,,Costing in Process,,69,
