162,461,26487-60,13.200,Ton,,1920.00,,575.00,,,,
163,462,26486-60,5.460,Ton,,895.00,,264.00,,,,
164,463,19969-60,244.818,Tons,,,,,,,,
165,464,21824-60,150.000,Ton,,365.00,,126.00,,,,
166,474,19969-60,178.360,Ton,,355.00,,129.00,,,,
167,475,26287-60,15.600,Ton,,790.00,,257.00,256.00,,,
168,476,26382-60,5.000,Ton,,1510.00,,474.00,463.00,,,
169,477,19969-60,83.470,Ton,,385.00,,,,,,
170,478,19969-60,145.181,Ton,,,,,,,,
171,479,19969-60,62.568,Ton,,,,,,,,
172,480,19969-60,62.568,Ton,,375.00,,,,,,
173,481,19969-60,145.181,Ton,,375.00,,,,,,
174,482,19969-60,162.060,Ton,,375.00,,,,,,
175,483,19969-60,40.481,Ton,,375.00,,,,,,
176,484,16784-60,1400.000,Pcs,,4.74,,,,,,
177,485,16781-60,3857.000,Pcs,,5.70,,,,,,
178,486,16878-60,630.000,Pcs,,8.65,,,,,,
179,487,25655-60,3000.000,Pcs,,10.76,,,,,,
180,488,25656-60,3000.000,Pcs,,7.89,,,,,,
181,489,19969-60,202.741,Ton,,,,,,,,
182,490,19969-60,41.389,Ton,,,,,,,,
183,518,19969-60,81.098,Ton,,440.00,,152.00,,,,
184,519,19969-60,68.830,Ton,,440.00,,152.00,,,,
185,520,19969-60,20.717,Ton,,440.00,,152.00,,,,
186,528,26287-60,48000.000,Kgs,,0.65,,235.00,,,,
187,536,26487-60,4800.000,Kgs,,0.65,,235.00,,,,
188,537,26382-60,3000.000,Kgs,,1.42,,499.00,,,,
189,538,26382-60,3900.000,Kgs,,1.42,,499.00,,,,
190,539,26838-60,11500.000,Kgs,,1.20,,423.00,,,,
191,540,26487-60,3240.000,Kg,,1.95,,,,,,
192,541,2847-60,5000.000,Kg,,0.17,,211.00,,,,
193,545,19969-60,122.469,Tons,,,,,,,,
194,546,19969-60,21.250,Tons,,,,,,,,
195,547,19969-60,81.116,Tons,,,,,,,,
196,548,19969-60,20.481,Tons,,,,,,,,
197,549,19969-60,124.380,Tons,,,,,,,,
198,550,23562-60,53.480,Ton,,490.00,,168.00,,,,
199,556,24612-60,12000.000,Kgs,,0.64,,242.00,,,,
200,561,19969-60,206.352,Ton,,377.00,,133.00,,,,
201,562,19969-60,80.781,Ton,,377.00,,133.00,,,,
202,563,19969-60,62.867,Ton,,377.00,,133.00,,,,
203,564,19969-60,40.636,Ton,,377.00,,133.00,,,,
204,565,19969-60,98.600,Ton,,377.00,,133.00,,,,
205,567,26287-60,21.600,Ton,,770.00,,247.00,241.00,,2026-06-12,76.0
206,571,2823-60,5.000,Ton,,715.00,,280.00,242.00,,,
207,572,15198-60,3000.000,Pcs,,0.75,,386.00,321.00,,,
208,584,26135-60,1.000,Pcs,,1739.00,,619267.00,540766.00,,,
209,590,26876-60,1152.000,Pcs,,3.08,,1233.00,,,,
210,591,19550-60,2.000,Pcs,,600.00,,220268.00,,,,
211,614,2823-60,0.025,Kgs,,899.85,,,,,,
212,620,6939-60,3.000,Ton,,625.00,,253.00,,,,
213,621,14090-60,1000.000,Pcs,,1.41,,573.00,,,,
214,622,24927-60,200.000,Pcs,,4.50,,1502.00,,,,
215,625,2825-156,23.000,Ton,,1035.00,,322.00,,,,
216,629,2818-156,9.810,Ton,,2550.00,,778.00,,,,
217,633,16784-60,560.000,Pcs,,4.74,,218.00,,,,
218,634,16781-60,3045.000,Pcs,,5.70,,265.00,,,,
219,635,16878-60,1260.000,Pcs,,8.65,,411.00,,,,
220,638,25655-60,2000.000,Pcs,,10.76,,519.00,,,,
221,639,25656-60,2472.000,Pcs,,7.89,,382.00,,,,
222,641,16887-156,1000.000,Kgs,,32.70,,9622.00,9412.00,,2026-06-26,72.0
223,643,2944-147,27.000,MT,,527.07,,171.00,,,,
224,644,2944-147,27.000,MT,,527.07,,171.00,,,,
225,645,27331-60,6.000,Pcs,,900.00,,393090.00,,,,
226,646,12328-60,4000.000,Kgs,,1.56,,611.00,,,,
227,647,23560-60,5.000,Ton,,2840.00,,866.00,,,,
228,648,27198-60,2.000,Pcs,,3594.69,,1154889.00,,,,
229,649,27199-60,2.000,Pcs,,5294.97,,1696940.00,,,,
230,650,27200-60,2.000,Pcs,,1396.88,,415692.00,,,,
231,651,2944-147,27.000,Ton,,527.00,,170.00,,,,
232,652,13897-60,40.000,Pcs,,1400.00,,72758.00,,,,
233,653,13898-60,28.000,Pcs,,710.00,,37241.00,,,,
234,654,13893-60,20.000,Pcs,,1360.00,,70448.00,,,,
235,655,13894-60,14.000,Pcs,,690.00,,36239.00,,,,
236,656,13895-60,40.000,Pcs,,1080.00,,56307.00,,,,
237,657,13896-60,28.000,Pcs,,580.00,,30653.00,,,,
238,658,2944-147,27.000,Ton,,528.33,,170.00,,,,
239,660,13940-60,500.000,Pcs,,6.83,,2224.00,,,,
240,661,13940-60,500.000,Pcs,,4.73,,1547.00,,,,
241,662,23558-60,6.000,Ton,,1210.00,,426.00,,,,
242,672,19487-60,5.000,Pcs,,55000.00,,,,,,
243,682,2944-147,27.000,Ton,,528.37,,171.00,,,,
244,683,2944-147,27.000,Ton,,528.37,,171.00,,,,
245,687,19766-60,27.000,Ton,,610.00,,201.00,192.00,,2026-06-12,73.0
246,689,19572-60,300.000,Pcs,,83.00,,3423.00,3478.00,,,
247,690,19571-60,1000.000,Pcs,,83.00,,3423.00,3478.00,,,
248,691,24370-60,1.000,Ton,,6000.00,,359.00,301.00,,,
249,692,24369-60,1000.000,Pcs,,19.00,,1016.00,966.00,,,
250,693,2944-147,27.000,Ton,,540.37,,175.00,170.00,,,
251,694,23558-60,6.000,Ton,,1015.50,,365.00,326.00,,,
252,695,19678-60,1200.000,Pcs,,1.22,,,,,,
253,696,12576-60,216.000,Pcs,,4.35,,,,,,
254,697,16681-60,15.000,Pcs,,47.62,,,,,,
255,699,1610-60,15.000,Pcs,,94.00,,31212.00,31448.00,,,
256,700,24573-60,2000.000,Kg,,3.80,,1424.00,1339.00,,,
257,707,2944-147,1.000,Ton,,655.00,,270.00,290.00,,,
258,708,26368-125,144.000,Pcs,,4.05,,,1467.00,,,
259,709,26368-125,320.000,Pcs,,4.53,,,1640.00,,,
260,710,26368-125,32.000,Pcs,,3.74,,,1361.00,,,
261,711,26368-125,96.000,Pcs,,8.87,,,3206.00,,,
262,712,26368-125,96.000,Pcs,,12.07,,,4362.00,,,
263,713,26368-125,384.000,Pcs,,6.04,,,2186.00,,,
264,716,19969-60,60.073,Ton,,440.00,,152.00,,,,
265,717,19969-60,206.133,Ton,,440.00,,152.00,,,,
266,718,19969-60,102.977,Ton,,440.00,,152.00,,,,
267,719,2847-60,12000.000,Kg,,0.16,,60.00,,,,
268,720,24031-60,72.000,Pcs,,15.43,,5454.00,,,,
269,721,25556-60,64.000,Pcs,,26.41,,9082.00,,,,
270,722,12566-60,3240.000,Pcs,,1.42,,509.00,,,,
271,723,22496-60,720.000,Pcs,,2.78,,978.00,,,,
272,737,24612-60,24000.000,Kgs,,0.64,,242.00,,,,
273,757,26287-60,21.600,Ton,,770.00,,245.00,239.00,,2026-06-12,70.0
274,761,2825-156,25.000,Ton,,1045.00,,327.00,,,,
275,764,26287-60,9.600,Ton,,790.00,,254.00,247.00,,,
276,765,26486-60,5.061,Ton,,770.00,,582.00,570.00,,,
277,766,26487-60,4.980,Ton,,1920.00,,250.00,241.00,,,
278,767,19969-60,163.603,Ton,,370.00,,131.00,132.00,,,
279,768,26287-60,7200.000,Kg,,0.70,,,264.00,,,
280,771,23557-60,2700.000,Kg,,1.64,,,561.00,,,
281,773,18988-60,1250.000,Pcs,,4.65,,,1558.00,,,
282,774,21199-127,5000.000,Kg,,0.16,,,94.00,,,
283,787,19969-60,169.425,Ton,,,,,,,,
284,788,19969-60,169.425,Ton,,390.00,,,,,,
285,790,19984-60,77.000,Tons,,,,,,,,
286,791,23562-60,65.500,Tons,,,,,,,,
287,793,19969-60,109.000,Tons,,,,,,,,
288,803,24940-60,21.000,Tons,,,,,,,,
289,806,2825-156,23.000,MT,,1065.00,,330.00,,,,
290,807,2819-156,2.000,MT,,15170.00,,4376.00,,,,
291,808,12328-60,2000.000,Kgs,,1.50,,591.00,,,,
292,809,27392-60,1.000,Set,,3890.00,,1286222.00,,,,
293,810,17924-60,1.000,Pcs,,690.00,,234125.00,,,,
294,811,26287-60,64.800,MT,,870.00,,273.00,,,,
295,832,19969-60,500.000,Ton,,440.00,,152.00,,,,
296,833,26382-60,5.000,MT,,1990.00,,597.00,,,,
297,834,26838-60,13.000,MT,,2090.00,,625.00,,,,
298,835,2724-60,1.000,Pcs,,7350.00,,439897.00,,,,
299,838,18988-60,1250.000,Pcs,,4.60,,1356.00,,,,
300,839,26287-60,24000.000,Kgs,,0.65,,235.00,,,,
301,840,26487-60,5400.000,Kg,,2.01,,,,,,
302,841,19677-60,360.000,Kg,,13.82,,,,,,
303,842,26486-60,5400.000,Kg,,0.93,,,,,,
304,843,26558-60,117.000,Pcs,,10.60,,,,,,
305,844,15598-60,368.000,Pcs,,4.86,,,,,,
306,845,25014-60,2500.000,Pcs,,2.46,,780.00,,,,
307,846,24927-60,504.000,Pcs,,6.02,,2399.00,,,,
308,847,13940-60,1000.000,Pcs,,6.94,,2054.00,,,,
309,865,14846-60,50.000,Pcs,,125.00,,38367.00,,,,
310,866,23558-60,6.000,Ton,,1300.00,,455.00,,,,
311,868,2823-60,3.000,Ton,,770.00,,302.00,,,,
312,869,12571-60,120.000,Pcs,,11.62,,4230.00,,,,
313,870,16781-60,3045.000,Pcs,,6.50,,,,,,
314,871,16772-60,500.000,Pcs,,3.28,,,,,,
315,876,25655-60,4000.000,Pcs,,12.56,,,,,,
316,896,12568-60,228.000,Pcs,,6.80,,,,,,
317,897,16775-60,256.000,Pcs,,1.70,,815.00,,,,
318,898,16772-60,720.000,Pcs,,1.60,,617.00,,,,
319,899,16784-60,110.000,Pcs,,1.90,,969.00,,,,
320,900,2818-156,10.000,Ton,,,,,,,,
321,901,19572-60,300.000,Kg,,85.50,,3664.00,,,,
322,902,19571-60,700.000,Kg,,85.50,,3664.00,,,,
