452,452,452,Exp-2316,,,Exp,,,2026-02-04,0.00,,1200000.00,0.00,0.00,,Paid,$,0.0000
453,453,453,Exp. 2280,,HMB,FOC,,,,,,,,,,,,
454,454,454,"Exp. 2258, 2259,2262",,HMB,FOC,,,,,,,,,,,,
455,455,455,Exp. 2258,,,,,,,,,,,,,,,
456,456,456,Exp. 2200,,HMB,FOC,,,,,,,,,,,,
457,457,457,Exp. 2178,,HMB,FOC,,,,,,,,,,,,
458,458,458,Exp. 2178,,HMB,FOC,,,,,,,,,,,,
459,459,459,"Exp. 2120, 2178",,HMB,FOC,,,,,,,,,,,,
460,460,460,Exp. 2111,,HMB,FOC,,,,,,,,,,,,
461,461,461,DP,2026-04-21,BAH,CAD,,2026-07-30,2026-04-30,,,,,,Unpaid,Unpaid,$,279.2500
462,462,462,DP,2026-04-21,BAH,CAD,,2026-07-30,2026-04-30,,1364610.97,406585.84,1364610.97,1378257.08,Unpaid,Unpaid,$,279.2500
463,463,463,CAD 38043,2025-05-30,,,,,,,,,,,,,,
464,464,464,CAD,,,CAD,2025-11-19,,,15439500.00,,5068015.88,15439500.00,15593895.00,,Unpaid,$,282.0000
465,465,465,,,,,,,2025-08-19,0.00,,234921.96,3578400.00,3614184.00,Unpaid,Paid,$,284.0000
466,466,466,90035,2025-12-26,BAH,LC,,2026-02-05,2026-03-21,,4138048.00,355251.42,4138048.00,4179428.48,Paid,Paid,¥,40.0000
467,467,467,90035,2025-12-26,BAH,LC,,2026-02-05,2026-03-21,,2714764.00,233062.49,2714764.00,2741911.64,Paid,Paid,¥,40.0000
468,468,468,90035,2025-12-26,BAH,LC,,2026-02-05,2026-03-21,,2534488.00,217585.79,2534488.00,2559832.88,Paid,Paid,¥,40.0000
469,469,469,90035,2025-12-26,BAH,LC,,2026-02-05,2026-03-21,,3729024.00,320136.71,3729024.00,3766314.24,Paid,Paid,¥,40.0000
470,470,470,90035,2025-12-26,BAH,LC,,2026-02-05,2026-03-21,,3488324.00,299472.62,3488324.00,3523207.24,Paid,Paid,¥,40.0000
471,471,471,90035,2025-12-26,BAH,LC,,2026-02-05,2026-03-13,,1249556.00,107274.38,1249556.00,1262051.56,Paid,Paid,¥,40.0000
472,472,472,90035,2025-12-26,BAH,LC,,2026-02-05,2026-03-13,,6501880.00,558186.40,6501880.00,6566898.80,Paid,Paid,¥,40.0000
473,473,473,87578,2025-12-10,BAH,LC,,2026-06-22,2026-07-26,,38088814.20,3269924.70,38088814.20,38469702.34,Paid,Unpaid,$,278.7000
474,474,474,87234,2025-12-03,BAH,LC,,2025-12-23,2025-12-25,,17757477.01,6187592.86,17757477.01,17935051.78,Paid,Paid,$,280.4500
475,475,475,86686,2025-11-25,BAH,LC,,2026-01-08,,,3455649.60,1029610.80,3455649.60,3490206.10,Paid,Paid,$,280.4000
476,476,476,86686,2025-11-25,BAH,LC,,2026-01-08,,,2117020.00,630766.11,2117020.00,2138190.20,Paid,Paid,$,280.4000
477,477,477,74518,2025-07-21,BAH,LC,,2025-08-19,2025-09-25,,9078405.88,779381.14,9078405.88,9169189.93,Paid,Paid,$,282.5000
478,478,478,72056,2025-06-30,,,,,,,,,,,,,,
479,479,479,72056,2025-06-30,,,,,,,,,,,,,,
480,480,480,72056,2025-06-30,BAH,LC,,,2025-08-13,,,2522020.27,6658799.40,6725387.39,Unpaid,Paid,$,283.8000
481,481,481,72056,2025-06-30,BAH,LC,,2025-07-31,2025-08-19,,15450887.93,5852023.80,15450887.93,15605396.80,Paid,Paid,$,283.8000
482,482,482,72056,2025-06-30,BAH,LC,,,2025-08-27,,,6536993.96,17259390.00,17431983.90,Unpaid,Paid,$,282.5000
483,483,483,72056,2025-06-30,BAH,LC,,2025-08-19,2025-09-10,,4354338.77,1632877.04,4311226.50,4354338.77,Paid,Paid,$,282.5000
484,484,484,70664,,BAH,CAD,,2025-12-19,2025-12-22,,265108.20,87021.77,265108.20,267759.28,Paid,Paid,¥,39.9500
485,485,485,70664,,BAH,CAD,,2025-12-19,2025-12-22,,878296.76,288300.91,878296.76,887079.72,Paid,Paid,¥,39.9500
486,486,486,70664,,BAH,CAD,,2025-12-19,2025-12-22,,217707.53,71462.50,217707.53,219884.60,Paid,Paid,¥,39.9500
487,487,487,70664,,BAH,CAD,,2025-12-19,2025-12-22,,1289586.00,423306.60,1289586.00,1302481.86,Paid,Paid,¥,39.9500
488,488,488,70664,,BAH,CAD,,2025-12-19,2025-12-22,,945616.50,310398.62,945616.50,955072.67,Paid,Paid,¥,39.9500
489,489,489,67937,2025-05-13,,,,,,,,,,,,,,
490,490,490,67937,2025-05-13,,,,,,,,,,,,,,
491,491,491,67792,2026-06-02,BAH,LC,,2026-07-25,2026-07-10,,4338406.80,200000.00,4338406.80,4381790.87,Unpaid,Unpaid,¥,41.0000
492,492,492,67792,2026-06-02,BAH,LC,,2026-07-25,2026-07-10,,3544935.03,200000.00,3544935.03,3580384.38,Unpaid,Unpaid,¥,41.0000
493,493,493,67792,2026-06-02,BAH,LC,,2026-07-25,2026-07-10,,2358098.60,200000.00,2358098.60,2381679.59,Unpaid,Unpaid,¥,41.0000
494,494,494,67792,2026-06-02,BAH,LC,,2026-07-25,2026-07-10,,109060.00,200000.00,109060.00,110150.60,Unpaid,Unpaid,¥,41.0000
495,495,495,67792,2026-06-02,BAH,LC,,2026-07-25,2026-07-10,,25317.50,200000.00,25317.50,25570.68,Unpaid,Unpaid,¥,41.0000
496,496,496,67519,2026-05-22,BAH,LC,,2026-07-25,2026-07-10,,8625088.00,200000.00,8625088.00,8711338.88,Unpaid,Unpaid,¥,41.0000
497,497,497,67519,2026-05-22,BAH,LC,,2026-07-25,2026-07-10,,1406013.00,200000.00,1406013.00,1420073.13,Unpaid,Unpaid,¥,41.0000
498,498,498,67519,2026-05-22,BAH,LC,,2026-07-25,2026-07-10,,2417688.00,200000.00,2417688.00,2441864.88,Unpaid,Unpaid,¥,41.0000
499,499,499,67519,2026-05-22,BAH,LC,,2026-07-25,2026-07-10,,629340.57,200000.00,629340.57,635633.98,Unpaid,Unpaid,¥,41.0000
500,500,500,67519,2026-05-22,BAH,LC,,2026-07-25,2026-07-10,,548346.30,200000.00,548346.30,553829.76,Unpaid,Unpaid,¥,41.0000
501,501,501,67519,2026-05-22,BAH,LC,,2026-07-25,2026-07-10,,1565601.40,200000.00,1565601.40,1581257.41,Unpaid,Unpaid,¥,41.0000
502,502,502,66744,2026-05-13,BAH,LC,,2026-07-25,2026-07-10,,1203407.40,200000.00,1203407.40,1215441.47,Unpaid,Unpaid,¥,41.0000
503,503,503,66744,2026-05-13,BAH,LC,,2026-07-25,2026-07-10,,1053699.83,200000.00,1053699.83,1064236.83,Unpaid,Unpaid,¥,41.0000
504,504,504,66744,2026-05-13,BAH,LC,,2026-07-25,2026-07-10,,4464494.10,200000.00,4464494.10,4509139.04,Unpaid,Unpaid,¥,41.0000
505,505,505,66744,2026-05-13,BAH,LC,,2026-07-25,2026-07-10,,3917802.15,200000.00,3917802.15,3956980.17,Unpaid,Unpaid,¥,41.0000
506,506,506,66744,2026-05-13,BAH,LC,,2026-07-25,2026-07-10,,7835604.30,200000.00,7835604.30,7913960.34,Unpaid,Unpaid,¥,41.0000
507,507,507,65981,2026-05-06,BAH,LC,,2026-07-10,2026-07-10,,2148318.00,200000.00,2148318.00,2169801.18,Unpaid,Unpaid,¥,41.0000
508,508,508,65981,2026-05-06,BAH,LC,,2026-07-10,2026-07-10,,8165355.00,200000.00,8165355.00,8247008.55,Unpaid,Unpaid,¥,41.0000
509,509,509,65981,2026-05-06,BAH,LC,,2026-07-10,2026-07-10,,1856635.80,200000.00,1856635.80,1875202.16,Unpaid,Unpaid,¥,41.0000
510,510,510,65981,2026-05-06,BAH,LC,,2026-07-10,2026-07-10,,1856635.80,200000.00,1856635.80,1875202.16,Unpaid,Unpaid,¥,41.0000
511,511,511,65704,2026-05-05,BAH,LC,,2026-07-05,2026-07-10,,1836291.60,200000.00,1836291.60,1854654.52,Unpaid,Unpaid,¥,41.0000
512,512,512,65704,2026-05-05,BAH,LC,,2026-07-05,2026-07-10,,4856322.90,200000.00,4856322.90,4904886.13,Unpaid,Unpaid,¥,41.0000
513,513,513,65704,2026-05-05,BAH,LC,,2026-07-05,2026-07-10,,379482.68,200000.00,379482.68,383277.50,Unpaid,Unpaid,¥,41.0000
514,514,514,65704,2026-05-05,BAH,LC,,2026-07-05,2026-07-10,,391120.73,200000.00,391120.73,395031.94,Unpaid,Unpaid,¥,41.0000
515,515,515,65704,2026-05-05,BAH,LC,,2026-07-05,2026-07-10,,396866.47,200000.00,396866.47,400835.13,Unpaid,Unpaid,¥,41.0000
516,516,516,65704,2026-05-05,BAH,LC,,2026-07-05,2026-07-10,,362186.83,200000.00,362186.83,365808.69,Unpaid,Unpaid,¥,41.0000
517,517,517,65704,2026-05-05,BAH,LC,,2026-07-05,2026-07-10,,2287670.85,200000.00,2287670.85,2310547.56,Unpaid,Unpaid,¥,41.0000
518,518,518,65543,2026-05-05,BAH,LC,,2026-06-18,2026-02-05,,9934180.61,3762570.91,9934180.61,10033522.41,Paid,Unpaid,$,278.4000
519,519,519,65543,2026-05-05,BAH,LC,,2026-06-23,2026-02-05,,8460170.62,3204289.62,8460170.62,8544772.33,Paid,Unpaid,$,279.3500
520,520,520,65543,2026-05-05,BAH,LC,,2026-05-30,2026-02-05,,2570565.36,973601.63,2570565.36,2596271.01,Unpaid,Unpaid,$,282.0000
521,521,521,64670,2026-04-17,BAH,LC,,2026-05-30,2026-05-30,,4952258.80,200000.00,4952258.80,5001781.39,Unpaid,Unpaid,¥,41.0000
522,522,522,64670,2026-04-17,BAH,LC,,2026-05-30,2026-05-30,,4708276.00,200000.00,4708276.00,4755358.76,Unpaid,Unpaid,¥,41.0000
523,523,523,64670,2026-04-17,BAH,LC,,2026-05-30,2026-05-30,,2394588.60,200000.00,2394588.60,2418534.49,Unpaid,Unpaid,¥,41.0000
524,524,524,64670,2026-04-17,BAH,LC,,2026-05-30,2026-05-30,,2414674.50,200000.00,2414674.50,2438821.25,Unpaid,Unpaid,¥,41.0000
525,525,525,64670,2026-04-17,BAH,LC,,2026-05-30,2026-05-30,,723313.80,200000.00,723313.80,730546.94,Unpaid,Unpaid,¥,41.0000
526,526,526,64670,2026-04-17,BAH,LC,,2026-05-30,2026-05-30,,65600.00,200000.00,65600.00,66256.00,Unpaid,Unpaid,¥,41.0000
527,527,527,64195,2025-04-07,,,,,,,,,,,,,,
528,528,528,2715,2026-04-15,HMB,LC,,2026-05-25,2026-04-30,,10075932.00,3002123.94,10075932.00,10176691.32,Unpaid,Unpaid,€,325.4500
529,529,529,63751,2026-04-10,BAH,LC,,2026-06-05,2026-07-14,,1702608.00,146168.90,1702608.00,1719634.08,Unpaid,Unpaid,¥,40.0000
530,530,530,63751,2026-04-10,BAH,LC,,2026-06-05,2026-07-14,,1178680.00,101189.68,1178680.00,1190466.80,Unpaid,Unpaid,¥,40.0000
531,531,531,63751,2026-04-10,BAH,LC,,2026-06-05,2026-07-05,,20315646.00,1744098.21,20315646.00,20518802.46,Unpaid,Unpaid,¥,40.0000
532,532,532,63751,2026-04-10,BAH,LC,,2026-06-05,2026-07-05,,3077360.00,264191.36,3077360.00,3108133.60,Unpaid,Unpaid,¥,40.0000
533,533,533,63751,2026-04-10,BAH,LC,,2026-06-05,2026-07-05,,19378980.00,1663685.43,19378980.00,19572769.80,Unpaid,Unpaid,¥,40.0000
534,534,534,63751,2026-04-10,BAH,LC,,2026-06-05,2026-07-05,,1823536.00,156550.57,1823536.00,1841771.36,Unpaid,Unpaid,¥,40.0000
535,535,535,63189,2025-03-20,,,,,,,,,,,,,,
536,536,536,2716,2026-04-15,HMB,LC,,2026-05-25,2026-04-30,,996912.00,297029.93,996912.00,1006881.12,Unpaid,Unpaid,€,322.0000
537,537,537,2716,2026-04-15,HMB,LC,,2026-05-25,2026-04-30,,1371720.00,408703.97,1371720.00,1385437.20,Unpaid,Unpaid,€,322.0000
538,538,538,2716,2026-04-15,HMB,LC,,2026-05-25,2026-04-30,,1783236.00,531315.17,1783236.00,1801068.36,Unpaid,Unpaid,€,322.0000
539,539,539,2716,2026-04-15,HMB,LC,,2026-05-25,2026-04-30,,4443600.00,1323970.62,4443600.00,4488036.00,Unpaid,Unpaid,€,322.0000
540,540,540,4041,2026-06-16,HMB,Advance,2026-06-16,,2026-06-22,2036923.20,,200000.00,2036923.20,2057292.43,,Paid,€,322.4000
541,541,541,4047,2026-06-16,HMB,Advance,2026-06-16,,,274040.00,,81650.22,274040.00,276780.40,,Unpaid,€,322.4000
542,542,542,62767,2026-03-31,BAH,LC,,2026-06-05,2026-07-02,,2425360.00,208217.16,2425360.00,2449613.60,Unpaid,Unpaid,¥,40.0000
543,543,543,62767,2026-03-31,BAH,LC,,2026-06-05,2026-07-02,,12622080.00,1083605.57,12622080.00,12748300.80,Unpaid,Unpaid,¥,40.0000
544,544,544,62767,2026-03-31,BAH,LC,,2026-06-05,2026-07-02,,829280.00,71193.69,829280.00,837572.80,Unpaid,Unpaid,¥,40.0000
545,545,545,61712,2025-03-24,,100%LC,,,,,,,,,,,,
546,546,546,61712,2025-03-24,,100%LC,,,,,,,,,,,,
547,547,547,61712,2025-03-24,,100%LC,,,,,,,,,,,,
548,548,548,61712,2025-03-24,,100%LC,,,,,,,,,,,,
549,549,549,61712,2025-03-24,,100%LC,,,,,,,,,,,,
550,550,550,59933,2026-02-26,BAH,LC,,2026-05-06,2026-05-06,,7337456.00,750000.00,7337456.00,7410830.56,Paid,Paid,$,280.0000
551,551,551,59764,2026-02-20,BAH,LC,,2026-04-24,2026-05-06,,1444512.00,124011.36,1444512.00,1458957.12,Paid,Paid,¥,40.0000
552,552,552,59764,2026-02-20,BAH,LC,,2026-05-13,2026-03-30,,2563212.00,220051.75,2563212.00,2588844.12,Paid,Paid,¥,40.0000
553,553,553,59764,2026-02-20,BAH,LC,,2026-05-13,2026-03-30,,1375304.00,118069.85,1375304.00,1389057.04,Paid,Paid,¥,40.0000
554,554,554,59764,2026-02-20,BAH,LC,,2026-05-13,2026-03-30,,3781760.00,324664.10,3781760.00,3819577.60,Paid,Paid,¥,40.0000
555,555,555,59198,2025-10-03,BAH,CAD,2025-10-03,,2025-09-29,13387801.98,,4259329.20,13387801.98,13521680.00,,Paid,$,281.4000
556,556,556,58601,2026-02-10,BAH,LC,,2026-03-25,2026-04-30,,2494848.00,718142.00,2494848.00,2519796.48,Paid,Paid,€,324.8500
557,557,557,58601,2026-02-10,BAH,LC,,2026-03-25,2026-04-30,,2572812.00,740583.93,2572812.00,2598540.12,Paid,Paid,€,324.8500
558,558,558,58601,2026-02-10,BAH,LC,,2026-03-25,2026-04-30,,421005.60,121186.46,421005.60,425215.66,Paid,Paid,€,324.8500
559,559,559,58601,2026-02-10,BAH,LC,,2026-03-25,2026-04-30,,1021393.37,294008.08,1021393.37,1031607.30,Paid,Paid,€,324.8500
560,560,560,58601,2026-02-10,BAH,LC,,2026-03-25,2026-04-30,,160800.75,46286.50,160800.75,162408.76,Paid,Paid,€,324.8500
561,561,561,57625,2026-01-30,BAH,LC,,2026-06-18,2026-02-05,,21658045.59,8202984.77,21658045.59,21874626.05,Paid,Paid,$,278.4000
562,562,562,57582,2026-01-28,BAH,LC,,2026-03-01,2026-02-05,,8588151.23,3252762.28,8588151.23,8674032.75,Paid,Paid,$,282.0000
563,563,563,57582,2026-01-28,BAH,LC,,2026-04-13,2026-04-29,,6622020.00,2508090.08,6622020.00,6688240.20,Paid,Unpaid,$,279.4000
564,564,564,57582,2026-01-28,BAH,LC,,2026-03-01,2026-02-05,,4320175.70,1636266.55,4320175.70,4363377.46,Paid,Paid,$,282.0000
565,565,565,57582,2026-01-28,BAH,LC,,2026-03-01,2026-02-05,,10482560.40,3970269.75,10482560.40,10587386.00,Paid,Paid,$,282.0000
566,566,566,56399,2026-01-14,BAH,LC,,,,,,,,,,,$,
567,567,567,55714,2026-01-12,BAH,LC,,2026-02-12,2026-02-21,,4653633.60,1386550.13,4653633.60,4700169.94,Paid,Paid,$,279.8000
568,568,568,51011,2025-12-23,BAH,Advance,2025-12-20,,2026-04-20,479132.92,,157275.38,479132.92,483924.25,,Paid,$,280.6000
569,569,569,50978,2025-12-22,BAH,Advance,2025-12-17,,2026-04-13,48936640.00,,4201210.54,48936640.00,49426006.40,,Paid,$,280.6000
570,570,570,50922,2025-12-18,BAH,Advance,2025-12-17,,,60000.00,,17877.00,60000.00,60600.00,,Unpaid,¥,40.0000
571,571,571,50669,2025-12-10,BAH,Advance,2025-12-10,,2026-02-07,1002966.25,,298833.79,1002966.25,1012995.91,,Paid,$,280.5500
572,572,572,50668,2025-12-10,BAH,Advance,2025-12-10,,2026-01-10,734400.00,,241066.80,734400.00,741744.00,,Paid,£,326.4000
573,573,573,50366,2025-12-03,BAH,Advance,2025-12-03,,2025-12-25,149040.22,,48922.45,149040.22,150530.62,,Paid,$,280.8000
574,574,574,50366,2025-12-03,BAH,Advance,2025-12-03,,2025-12-25,196992.43,,64662.77,196992.43,198962.36,,Paid,$,280.8000
575,575,575,50366,2025-12-03,BAH,Advance,2025-12-03,,2025-12-25,318814.70,,127191.13,318814.70,322002.85,,Paid,$,280.8000
576,576,576,50366,2025-12-03,BAH,Advance,2025-12-03,,2025-12-25,29484.00,,16825.04,29484.00,29778.84,,Paid,$,280.8000
577,577,577,50366,2025-12-03,BAH,Advance,2025-12-03,,2025-12-25,439452.00,,250773.28,439452.00,443846.52,,Paid,$,280.8000
578,578,578,50169,2025-11-26,BAH,Advance,2025-11-26,,,187148.00,,55760.75,187148.00,189019.48,,Paid,¥,39.6500
579,579,579,50169,2025-11-26,BAH,Advance,2025-11-26,,,84058.00,,25045.08,84058.00,84898.58,,Paid,¥,39.6500
580,580,580,50169,2025-11-26,BAH,Advance,2025-11-26,,,155428.00,,46309.77,155428.00,156982.28,,Paid,¥,39.6500
581,581,581,50032,2025-11-21,HMB,Advance,2025-11-21,,2025-12-22,1667986.52,,1200000.00,1667986.52,1684666.38,,Paid,¥,39.4900
582,582,582,49139,2025-10-28,BAH,Advance,2025-10-28,,2025-12-22,829392.50,,724598.76,829392.50,837686.42,,Paid,$,281.1500
583,583,583,49139,2025-10-28,BAH,Advance,2025-10-28,,2025-12-22,190619.70,,166534.90,190619.70,192525.90,,Paid,$,281.1500
584,584,584,48509,2025-10-08,BAH,Advance,2025-10-08,,2025-11-03,489354.60,,150745.68,489354.60,494248.15,,Paid,$,281.4000
585,585,585,47073,2025-08-27,BAH,Advance,2025-08-27,,2025-10-28,1391705.20,,498995.90,1391705.20,1405622.25,,Paid,$,281.9500
586,586,586,44669,,BAH,TT,,,,,,,,,,,,
587,587,587,44036,2025-05-15,BAH,TT,,,,,,,,,,,,
588,588,588,43543,2026-04-23,BAH,Advance,2026-04-23,,2026-05-25,159748.50,,87933.56,159748.50,161345.99,,Paid,$,281.0000
589,589,589,43543,2026-04-23,BAH,Advance,2026-04-23,,2026-05-25,21988.25,,12103.43,21988.25,22208.13,,Paid,$,281.0000
590,590,590,43093,2026-04-13,BAH,Advance,2026-04-13,,2026-04-30,991355.90,,315399.88,991355.90,1001269.46,,Paid,$,279.4000
591,591,591,42764,2026-04-03,BAH,Advance,2026-04-03,,2026-04-30,335100.00,,106612.07,335100.00,338451.00,,Unpaid,$,279.2500
592,592,592,42700,2026-04-01,BAH,Advance,2026-04-01,,,15652.00,,4663.51,15652.00,15808.52,,Paid,$,279.5000
593,593,593,42700,2026-04-01,BAH,Advance,2026-04-01,,,8189.35,,2440.02,8189.35,8271.24,,Paid,$,279.5000
594,594,594,42700,2026-04-01,BAH,Advance,2026-04-01,,,4947.15,,1474.00,4947.15,4996.62,,Paid,$,279.5000
595,595,595,42700,2026-04-01,BAH,Advance,2026-04-01,,,2152.15,,641.23,2152.15,2173.67,,Paid,$,279.5000
596,596,596,42700,2026-04-01,BAH,Advance,2026-04-01,,,503.10,,149.90,503.10,508.13,,Paid,$,279.5000
597,597,597,42700,2026-04-01,BAH,Advance,2026-04-01,,,726.70,,216.52,726.70,733.97,,Paid,$,279.5000
598,598,598,42700,2026-04-01,BAH,Advance,2026-04-01,,,1285.70,,383.07,1285.70,1298.56,,Paid,$,279.5000
599,599,599,42700,2026-04-01,BAH,Advance,2026-04-01,,,2934.75,,874.41,2934.75,2964.10,,Paid,$,279.5000
600,600,600,42700,2026-04-01,BAH,Advance,2026-04-01,,,4723.55,,1407.38,4723.55,4770.79,,Paid,$,279.5000
601,601,601,42700,2026-04-01,BAH,Advance,2026-04-01,,,7798.05,,2323.43,7798.05,7876.03,,Paid,$,279.5000
602,602,602,42700,2026-04-01,BAH,Advance,2026-04-01,,,7770.10,,2315.10,7770.10,7847.80,,Paid,$,279.5000
603,603,603,42700,2026-04-01,BAH,Advance,2026-04-01,,,11347.70,,3381.05,11347.70,11461.18,,Paid,$,279.5000
604,604,604,42700,2026-04-01,BAH,Advance,2026-04-01,,,14002.95,,4172.18,14002.95,14142.98,,Paid,$,279.5000
605,605,605,42700,2026-04-01,BAH,Advance,2026-04-01,,,18754.45,,5587.89,18754.45,18941.99,,Paid,$,279.5000
606,606,606,42700,2026-04-01,BAH,Advance,2026-04-01,,,13653.57,,4068.08,13653.57,13790.11,,Paid,$,279.5000
607,607,607,42700,2026-04-01,BAH,Advance,2026-04-01,,,18265.32,,5442.15,18265.32,18447.98,,Paid,$,279.5000
608,608,608,42700,2026-04-01,BAH,Advance,2026-04-01,,,27027.65,,8052.89,27027.65,27297.93,,Paid,$,279.5000
609,609,609,42700,2026-04-01,BAH,Advance,2026-04-01,,,3437.85,,1024.31,3437.85,3472.23,,Paid,$,279.5000
610,610,610,42700,2026-04-01,BAH,Advance,2026-04-01,,,9195.55,,2739.81,9195.55,9287.51,,Paid,$,279.5000
611,611,611,42700,2026-04-01,BAH,Advance,2026-04-01,,,10145.85,,3022.96,10145.85,10247.31,,Paid,$,279.5000
612,612,612,42700,2026-04-01,BAH,Advance,2026-04-01,,,308417.07,,91892.87,308417.07,311501.24,,Paid,$,279.5000
613,613,613,42700,2026-04-01,BAH,Advance,2026-04-01,,,258537.50,,77031.25,258537.50,261122.88,,Paid,$,279.5000
614,614,614,42700,2026-04-01,BAH,Advance,2026-04-01,,,6287.70,,1873.42,6287.70,6350.58,,Paid,$,279.5000
615,615,615,42700,2026-04-01,BAH,Advance,2026-04-01,,,52196.63,,15551.98,52196.63,52718.59,,Paid,$,279.5000
616,616,616,42700,2026-04-01,BAH,Advance,2026-04-01,,,56424.06,,16811.55,56424.06,56988.30,,Paid,$,279.5000
617,617,617,42700,2026-04-01,BAH,Advance,2026-04-01,,,0.00,,0.00,0.00,0.00,,Paid,$,279.5000
618,618,618,42700,2026-04-01,BAH,Advance,2026-04-01,,,20361.58,,6066.73,20361.58,20565.19,,Paid,$,279.5000
619,619,619,42700,2026-04-01,BAH,Advance,2026-04-01,,,18530.85,,5521.27,18530.85,18716.16,,Paid,$,279.5000
620,620,620,42566,2026-03-27,BAH,Advance,2026-03-27,,,523687.50,,156032.69,523687.50,528924.38,,Paid,$,279.3000
621,621,621,42564,2026-03-27,BAH,Advance,2026-03-27,,2026-05-04,393813.00,,125291.61,393813.00,397751.13,,Paid,$,279.3000
622,622,622,42564,2026-03-27,BAH,Advance,2026-03-27,,2026-05-04,251370.00,,79973.37,251370.00,253883.70,,Paid,$,279.3000
623,623,623,42452,2026-03-25,BAH,Advance,2026-03-25,,2026-06-15,954616.60,,313352.90,954616.60,964162.77,,Paid,$,280.0000
624,624,624,40739,2026-01-22,HMB,LC,2026-01-22,,2026-02-05,245625.00,,73183.97,245625.00,248081.25,,Paid,£,327.5000
625,625,625,33803,2026-05-06,BAH,CAD,,2026-05-06,2026-04-30,,6638024.25,1977799.33,6638024.25,6704404.49,Paid,Paid,$,278.8500
626,626,626,33771,2026-05-06,BAH,CAD,,2026-04-10,,,3219727.10,1056875.42,3219727.10,3251924.38,Paid,Paid,$,282.0000
627,627,627,33771,2026-05-06,BAH,CAD,,2026-04-10,,,744434.88,244360.75,744434.88,751879.23,Paid,Paid,$,282.0000
628,628,628,33771,2026-05-06,BAH,CAD,,2026-04-10,,,960785.28,315377.77,960785.28,970393.13,Paid,Paid,$,282.0000
629,629,629,31539,2026-04-21,BAH,CAD,,2026-04-21,,,6989330.70,1870694.36,6989330.70,7059224.01,Paid,Paid,$,279.4000
630,630,630,31193,2026-04-21,BAH,CAD,,2026-04-21,2026-04-14,,2539746.00,731065.89,2539746.00,2565143.46,Paid,Paid,$,279.4000
631,631,631,31193,2026-04-21,BAH,CAD,,2026-04-21,2026-04-14,,1021044.95,293907.79,1021044.95,1031255.40,Paid,Paid,$,279.4000
632,632,632,31193,2026-04-21,BAH,CAD,,2026-04-21,2026-04-14,,3960495.00,1140028.49,3960495.00,4000099.95,Paid,Paid,$,279.4000
633,633,633,29487,2026-04-08,BAH,CAD,,2026-04-06,2026-04-13,,108697.68,31288.63,108697.68,109784.66,Paid,Paid,¥,40.9500
634,634,634,29487,2026-04-08,BAH,CAD,,2026-04-06,2026-04-13,,710748.68,204589.01,710748.68,717856.16,Paid,Paid,¥,40.9500
635,635,635,29487,2026-04-08,BAH,CAD,,2026-04-06,2026-04-13,,446314.05,128471.50,446314.05,450777.19,Paid,Paid,¥,40.9500
636,636,636,29487,2026-04-08,BAH,CAD,,2026-04-06,2026-04-13,,144815.58,41685.16,144815.58,146263.74,Paid,Paid,¥,40.9500
637,637,637,29487,2026-04-08,BAH,CAD,,2026-04-06,2026-04-13,,185159.52,53298.17,185159.52,187011.12,Paid,Paid,¥,40.9500
638,638,638,29487,2026-04-08,BAH,CAD,,2026-04-06,2026-04-13,,881244.00,253666.09,881244.00,890056.44,Paid,Paid,¥,40.9500
639,639,639,29487,2026-04-08,BAH,CAD,,2026-04-06,2026-04-13,,798692.08,229903.51,798692.08,806679.00,Paid,Paid,¥,40.9500
640,640,640,29487,2026-04-08,BAH,CAD,,2026-04-06,2026-04-13,,51105.60,14710.75,51105.60,51616.66,Paid,Paid,¥,40.9500
641,641,641,22408,2026-02-24,BAH,CAD,,2026-02-24,2026-02-26,,9221400.00,2747516.13,9221400.00,9313614.00,Paid,Paid,$,282.0000
642,642,642,16847,2026-01-19,BAH,CAD,2026-01-20,,,5181750.00,,1543902.41,5181750.00,5233567.50,,Paid,$,282.0000
643,643,643,4021,,HMB,Advance,2026-05-20,,2026-06-10,3998880.09,,1191466.32,3998880.09,4038868.89,,Paid,$,281.0000
644,644,644,4021,,HMB,Advance,2026-05-20,,2026-06-10,3998880.09,,1191466.32,3998880.09,4038868.89,,Paid,$,281.0000
645,645,645,4003,2026-05-06,HMB,Advance,2026-05-06,,2026-06-30,1509840.00,,1166577.88,1509840.00,1524938.40,,Paid,$,279.6000
646,646,646,3990,,HMB,Advance,2026-04-20,,2026-06-10,2048656.40,,610397.17,2048656.40,2069142.96,,Unpaid,€,328.1000
647,647,647,3988,,HMB,Advance,2026-04-20,,2026-04-30,3962510.00,,1180629.85,3962510.00,4002135.10,,Paid,$,279.0500
648,648,648,3976,2026-04-14,HMB,Advance,2026-04-14,,2026-06-10,2006553.17,,800514.39,2006553.17,2026618.70,,Unpaid,$,279.1000
649,649,649,3976,2026-04-14,HMB,Advance,2026-04-14,,2026-06-10,2955652.25,,1179157.47,2955652.25,2985208.78,,Unpaid,$,279.1000
650,650,650,3976,2026-04-14,HMB,Advance,2026-04-14,,2026-06-10,779735.63,,232322.23,779735.63,787532.98,,Unpaid,$,279.1000
651,651,651,3974,2026-04-14,HMB,Advance,2026-04-14,,,3971350.07,,1183263.75,3971350.07,4011063.57,,Paid,$,279.1000
652,652,652,3966,2026-04-10,HMB,Advance,2026-04-13,,2026-04-30,2312800.00,,969410.12,2312800.00,2335928.00,,Unpaid,¥,41.3000
653,653,653,3966,2026-04-10,HMB,Advance,2026-04-13,,2026-04-30,821044.00,,344140.59,821044.00,829254.44,,Unpaid,¥,41.3000
654,654,654,3966,2026-04-10,HMB,Advance,2026-04-13,,2026-04-30,1123360.00,,470856.34,1123360.00,1134593.60,,Unpaid,¥,41.3000
655,655,655,3966,2026-04-10,HMB,Advance,2026-04-13,,2026-04-30,398958.00,,167223.25,398958.00,402947.58,,Unpaid,¥,41.3000
656,656,656,3966,2026-04-10,HMB,Advance,2026-04-13,,2026-04-30,1784160.00,,747830.66,1784160.00,1802001.60,,Unpaid,¥,41.3000
657,657,657,3966,2026-04-10,HMB,Advance,2026-04-13,,2026-04-30,670712.00,,281128.93,670712.00,677419.12,,Unpaid,¥,41.3000
658,658,658,3945,2026-03-27,HMB,Advance,2026-03-27,,2026-06-08,3989920.50,,1188796.81,3989920.50,4029819.71,,Paid,$,279.7000
659,659,659,3943,2026-03-27,HMB,Advance,2026-03-27,,,2936850.00,,875034.46,2936850.00,2966218.50,,Unpaid,$,279.7000
660,660,660,3941,2026-03-27,HMB,Advance,2026-03-27,,,955175.50,,303889.09,955175.50,964727.26,,Paid,$,279.7000
661,661,661,3941,2026-03-27,HMB,Advance,2026-03-27,,,661490.50,,210453.20,661490.50,668105.41,,Paid,$,279.7000
662,662,662,3939,2026-03-27,HMB,Advance,2026-03-27,,2026-04-30,2030622.00,,646042.39,2030622.00,2050928.22,,Paid,$,279.7000
663,663,663,3937,2026-03-27,HMB,Advance,2026-03-27,,2026-04-10,675486.69,,194438.84,675486.69,682241.55,,Paid,$,279.7000
664,664,664,3937,2026-03-27,HMB,Advance,2026-03-27,,2026-04-10,374535.08,,107809.92,374535.08,378280.43,,Paid,$,279.7000
665,665,665,3937,2026-03-27,HMB,Advance,2026-03-27,,2026-04-10,298009.16,,85781.94,298009.16,300989.25,,Paid,$,279.7000
666,666,666,3937,2026-03-27,HMB,Advance,2026-03-27,,2026-04-10,775071.08,,223104.21,775071.08,782821.79,,Paid,$,279.7000
667,667,667,3937,2026-03-27,HMB,Advance,2026-03-27,,2026-04-10,201126.68,,57894.31,201126.68,203137.94,,Paid,$,279.7000
668,668,668,3937,2026-03-27,HMB,Advance,2026-03-27,,2026-04-10,220744.83,,63541.40,220744.83,222952.28,,Paid,$,279.7000
669,669,669,3937,2026-03-27,HMB,Advance,2026-03-27,,2026-04-10,55800.15,,16062.07,55800.15,56358.15,,Paid,$,279.7000
670,670,670,3937,2026-03-27,HMB,Advance,2026-03-27,,2026-04-10,831687.95,,239401.38,831687.95,840004.83,,Paid,$,279.7000
671,671,671,3937,2026-03-27,HMB,Advance,2026-03-27,,2026-04-10,116914.60,,33653.87,116914.60,118083.75,,Paid,$,279.7000
672,672,672,3933,2026-03-26,HMB,Advance,2026-03-26,,2026-05-04,11233750.00,,3687478.44,11233750.00,11346087.50,,Paid,¥,40.8500
673,673,673,3931,2026-03-26,HMB,Advance,2026-03-26,,,1620230.00,,482747.53,1620230.00,1636432.30,,Unpaid,$,279.3500
674,674,674,3906,2026-03-10,HMB,Advance,2026-03-09,,,1762500.00,,578540.63,1762500.00,1780125.00,,Paid,$,282.0000
675,675,675,3904,2026-03-10,HMB,Advance,2026-03-09,,,3553313.00,,1166374.99,3553313.00,3588846.13,,Paid,€,332.0000
676,676,676,3895,2026-03-03,HMB,Advance,2026-03-03,,2026-04-20,896656.32,,750000.00,896656.32,905622.88,,Paid,$,280.0000
677,677,677,3895,2026-03-03,HMB,Advance,2026-03-03,,2026-04-20,1120820.40,,750000.00,1120820.40,1132028.60,,Paid,$,280.0000
678,678,678,3889,2026-02-16,HMB,Advance,2026-02-16,,2026-02-05,674637.60,,378168.11,674637.60,681383.98,,Paid,$,280.0000
679,679,679,3889,2026-02-16,HMB,Advance,2026-02-16,,2026-02-05,337318.80,,189084.05,337318.80,340691.99,,Paid,$,280.0000
680,680,680,3889,2026-02-16,HMB,Advance,2026-02-16,,2026-02-05,337318.80,,189084.05,337318.80,340691.99,,Paid,$,280.0000
681,681,681,3889,2026-02-16,HMB,Advance,2026-02-16,,2026-02-05,337318.80,,189084.05,337318.80,340691.99,,Paid,$,280.0000
682,682,682,3882,2026-02-09,HMB,Advance,2026-02-10,,2026-04-09,3992337.30,,1149194.29,3992337.30,4032260.67,,Paid,$,279.8500
683,683,683,3882,2026-02-09,HMB,Advance,2026-02-10,,2026-04-09,3992337.30,,1149194.29,3992337.30,4032260.67,,Paid,$,279.8500
684,684,684,3874,2026-01-27,BAH,Advance,2026-01-20,,2026-04-06,8763996.00,,1250.00,8763996.00,8851635.96,,Paid,$,282.0000
685,685,685,3851,2025-12-11,HMB,Advance,2025-12-11,,,5084195.59,,1668887.20,5084195.59,5135037.55,,Unpaid,$,280.7000
686,686,686,3849,2025-12-10,HMB,Advance,2025-12-10,,2026-02-08,1702635.00,,507300.10,1702635.00,1719661.35,,Paid,$,280.5000
687,687,687,3841,2025-12-03,HMB,Advance,2025-12-02,,,4623952.50,,1377706.65,4623952.50,4670192.03,,Paid,$,280.7500
688,688,688,3839,2025-12-02,HMB,Advance,2025-12-01,,2026-04-24,2995091.42,,892387.49,2995091.42,3025042.34,,Paid,$,280.8000
689,689,689,3837,2025-12-02,HMB,Advance,2025-12-01,,,992265.00,,325710.99,992265.00,1002187.65,,Paid,¥,39.8500
690,690,690,3837,2025-12-02,HMB,Advance,2025-12-01,,,3307550.00,,1085703.29,3307550.00,3340625.50,,Paid,¥,39.8500
691,691,691,3835,2025-12-02,HMB,Advance,2025-12-01,,,239100.00,,73654.76,239100.00,241491.00,,Paid,¥,39.8500
692,692,692,3835,2025-12-02,HMB,Advance,2025-12-01,,,757150.00,,432067.65,757150.00,764721.50,,Paid,¥,39.8500
693,693,693,3833,2025-11-21,HMB,Advance,2025-11-21,,2026-01-12,4099787.19,,351966.73,4099787.19,4140785.06,,Paid,$,281.0000
694,694,694,3831,2025-11-21,HMB,Advance,2025-11-13,,2026-01-22,1710914.40,,181442.47,1710914.40,1728023.54,,Paid,$,280.8000
695,695,695,3820,2025-10-30,HMB,Advance,2025-10-30,,2026-01-12,412116.00,,131114.71,412116.00,416237.16,,Paid,$,281.5000
696,696,696,3820,2025-10-30,HMB,Advance,2025-10-30,,2026-01-12,264497.40,,84149.85,264497.40,267142.37,,Paid,$,281.5000
697,697,697,3820,2025-10-30,HMB,Advance,2025-10-30,,2026-01-12,201075.45,,63972.15,201075.45,203086.20,,Paid,$,281.5000
698,698,698,3791,2025-10-01,HMB,Advance,2025-10-01,,2025-11-17,8287114.32,,2469145.71,8287114.32,8369985.46,,Paid,$,284.0000
699,699,699,3755,2025-09-05,HMB,Advance,2025-09-05,,2025-11-17,397831.50,,134606.29,397831.50,401809.81,Unpaid,Paid,$,282.1500
700,700,700,3727,2025-08-22,HMB,Advance,2025-08-22,,2025-10-28,2143960.00,,920294.83,2143960.00,2165399.60,,Paid,$,282.1000
701,701,701,3719,2025-08-15,HMB,Advance,2025-08-15,,2025-10-07,220680.40,,88040.45,220680.40,222887.20,,Paid,$,282.2000
702,702,702,3715,2025-08-12,HMB,Advance,2025-08-12,,2025-09-11,56600.00,,33442.11,56600.00,57166.00,Unpaid,Paid,$,283.0000
703,703,703,3715,,HMB,TT,,,,,,,,,,,,
704,704,704,3715,2025-08-12,HMB,Advance,2025-08-12,,2025-09-11,1018800.00,,324131.22,1018800.00,1028988.00,Unpaid,Paid,$,283.0000
705,705,705,3715,2025-08-12,HMB,Advance,2025-08-12,,2025-09-11,1113605.00,,657973.51,1113605.00,1124741.05,Unpaid,Paid,$,283.0000
706,706,706,3715,2025-08-12,HMB,Advance,2025-08-12,,2025-09-11,169800.00,,60881.79,169800.00,171498.00,Unpaid,Paid,$,283.0000
707,707,707,3709,2025-08-06,HMB,Advance,2025-08-06,,2025-10-10,185365.00,,57101.69,185365.00,187218.65,,Paid,$,283.0000
708,708,708,3644,2025-06-05,HMB,Advance,2025-06-05,,2025-09-22,164812.32,,140659.07,164812.32,166460.44,Unpaid,Paid,$,282.6000
709,709,709,3644,2025-06-05,HMB,Advance,2025-06-05,,2025-09-22,409656.96,,349621.73,409656.96,413753.53,Unpaid,Paid,$,282.6000
710,710,710,3644,2025-06-05,HMB,Advance,2025-06-05,,2025-09-22,33821.57,,28865.02,33821.57,34159.78,Unpaid,Paid,$,282.6000
711,711,711,3644,2025-06-05,HMB,Advance,2025-06-05,,2025-09-22,240639.55,,205373.83,240639.55,243045.95,Unpaid,Paid,$,282.6000
712,712,712,3644,2025-06-05,HMB,Advance,2025-06-05,,2025-09-22,327454.27,,279465.85,327454.27,330728.81,Unpaid,Paid,$,282.6000
713,713,713,3644,2025-06-05,HMB,Advance,2025-06-05,,2025-09-22,655451.14,,559394.77,655451.14,662005.65,Unpaid,Paid,$,282.6000
714,714,714,3545,,,,,,,,,,,,,,,
715,715,715,3533,2025-03-04,HMB,TT,,,,,,,,,,,,
716,716,716,2730,2026-05-25,HMB,LC,,,2026-06-10,,,600000.00,7427425.72,7501699.98,,Unpaid,$,281.0000
717,717,717,2730,2026-05-25,HMB,LC,,,2026-06-10,,,600000.00,25486284.12,25741146.96,,Unpaid,$,281.0000
718,718,718,2730,2026-05-25,HMB,LC,,,2026-06-10,,,600000.00,12732076.28,12859397.04,,Unpaid,$,281.0000
719,719,719,62845,2026-03-31,BAH,LC,,2026-05-25,2026-06-22,,603407.47,191974.09,603407.47,609441.55,Paid,Paid,€,320.4800
720,720,720,62845,2026-03-31,BAH,LC,,2026-05-25,2026-06-22,,356010.41,113264.71,356010.41,359570.51,Paid,Paid,€,320.4800
721,721,721,62845,2026-03-31,BAH,LC,,2026-05-25,2026-06-22,,541725.82,172350.07,541725.82,547143.08,Paid,Paid,€,320.4800
722,722,722,62845,2026-03-31,BAH,LC,,2026-05-25,2026-06-22,,1477141.50,469952.57,1477141.50,1491912.91,Paid,Paid,€,320.4800
723,723,723,62845,2026-03-31,BAH,LC,,2026-05-25,2026-06-22,,642025.55,204260.43,642025.55,648445.81,Paid,Paid,€,320.4800
724,724,724,2707,2026-03-17,HMB,LC,,,,,749250.00,227022.75,749250.00,756742.50,Paid,Paid,€,333.0000
725,725,725,2707,2026-03-17,HMB,LC,,,,,257742.00,78095.83,257742.00,260319.42,Paid,Paid,€,333.0000
726,726,726,2707,2026-03-17,HMB,LC,,,,,1807690.50,547730.22,1807690.50,1825767.41,Paid,Paid,€,333.0000
727,727,727,2707,2026-03-17,HMB,LC,,,,,411188.40,124590.09,411188.40,415300.28,Paid,Paid,€,333.0000
728,728,728,2707,2026-03-17,HMB,LC,,,,,389610.00,118051.83,389610.00,393506.10,Paid,Paid,€,333.0000
729,729,729,2707,2026-03-17,HMB,LC,,,,,159440.40,48310.44,159440.40,161034.80,Paid,Paid,€,333.0000
730,730,730,2707,2026-03-17,HMB,LC,,,,,130536.00,39552.41,130536.00,131841.36,Paid,Paid,€,333.0000
731,731,731,2707,2026-03-17,HMB,LC,,,,,333.00,100.90,333.00,336.33,Paid,Paid,€,333.0000
732,732,732,2707,2026-03-17,HMB,LC,,,,,333.00,100.90,333.00,336.33,Paid,Paid,€,333.0000
733,733,733,2707,2026-03-17,HMB,LC,,,,,333.00,100.90,333.00,336.33,Paid,Paid,€,333.0000
734,734,734,2707,2026-03-17,HMB,LC,,,,,333.00,100.90,333.00,336.33,Paid,Paid,€,333.0000
735,735,735,2707,2026-03-17,HMB,LC,,,,,333.00,100.90,333.00,336.33,Paid,Paid,€,333.0000
736,736,736,2707,2026-03-17,HMB,LC,,,,,366300.00,110988.90,366300.00,369963.00,Paid,Paid,€,333.0000
737,737,737,2696,2026-02-10,HMB,LC,,2026-03-24,2026-04-30,,4973568.00,1431641.55,4973568.00,5023303.68,Paid,Paid,€,323.8000
738,738,738,2695,2026-02-04,HMB,LC,,2026-02-15,2026-02-05,,44726080.00,3839733.97,44726080.00,45173340.80,Unpaid,Unpaid,$,280.0000
739,739,739,2691,2026-01-29,HMB,LC,,2026-04-24,2026-05-06,,1173196.80,100718.95,1173196.80,1184928.77,Paid,Paid,¥,40.2000
740,740,740,2691,2026-01-29,HMB,LC,,2026-04-24,2026-05-06,,903213.60,77540.89,903213.60,912245.74,Paid,Paid,¥,40.2000
741,741,741,2691,2026-01-29,HMB,LC,,2026-04-24,2026-05-06,,5604121.20,481113.81,5604121.20,5660162.41,Paid,Paid,¥,40.2000
742,742,742,2687,2026-01-26,HMB,LC,,2026-04-10,2026-04-13,,877700.00,491994.74,877700.00,886477.00,Paid,Paid,€,327.5000
743,743,743,2687,2026-01-26,HMB,LC,,2026-04-10,2026-04-13,,8076150.00,3548256.50,8076150.00,8156911.50,Paid,Paid,€,327.5000
744,744,744,2687,2026-01-26,HMB,LC,,2026-04-10,2026-04-13,,7093650.00,3116595.13,7093650.00,7164586.50,Paid,Paid,€,327.5000
745,745,745,2687,2026-01-26,HMB,LC,,2026-04-10,2026-04-13,,1965000.00,585471.75,1965000.00,1984650.00,Paid,Paid,€,327.5000
746,746,746,2683,2026-01-19,HMB,LC,,2026-01-25,2026-02-05,,22522776.00,1933580.32,22522776.00,22748003.76,Unpaid,Unpaid,$,282.0000
747,747,747,2682,2026-01-28,HMB,LC,,2026-04-02,2026-04-29,,16273723.68,4848755.97,16273723.68,16436460.92,Paid,Paid,$,282.0000
748,748,748,2682,2026-01-28,HMB,LC,,2026-04-20,2026-02-05,,4317002.64,1286250.94,4317002.64,4360172.67,Paid,Paid,$,282.0000
749,749,749,2680,2026-01-09,HMB,LC,,2026-04-15,2025-03-20,,87476.40,48151.38,87476.40,88351.16,Paid,Paid,$,282.0000
750,750,750,2680,2026-01-09,HMB,LC,,2026-04-15,2025-03-20,,1024799.28,564100.76,1024799.28,1035047.27,Paid,Paid,$,282.0000
751,751,751,2680,2026-01-09,HMB,LC,,2026-04-15,2025-03-20,,479529.72,263957.13,479529.72,484325.02,Paid,Paid,$,282.0000
752,752,752,2680,2026-01-09,HMB,LC,,2026-04-15,2025-03-20,,626118.96,344647.18,626118.96,632380.15,Paid,Paid,$,282.0000
753,753,753,2680,2026-01-09,HMB,LC,,2026-04-15,2025-03-20,,212064.00,116730.63,212064.00,214184.64,Paid,Paid,$,282.0000
754,754,754,2680,2026-01-09,HMB,LC,,2026-04-15,2025-03-20,,478204.32,263227.57,478204.32,482986.36,Paid,Paid,$,282.0000
755,755,755,2680,2026-01-09,HMB,LC,,2026-04-15,2025-03-20,,858859.20,472759.05,858859.20,867447.79,Paid,Paid,$,282.0000
756,756,756,2680,2026-01-09,HMB,LC,,2026-04-15,2025-03-20,,1264431.60,696006.37,1264431.60,1277075.92,Paid,Paid,$,282.0000
757,757,757,2666,2025-12-23,HMB,LC,,2026-02-11,2026-02-26,,4656960.00,1387541.23,4656960.00,4703529.60,Paid,Paid,$,280.0000
758,758,758,2660,2025-12-05,HMB,LC,,2026-02-05,2026-03-14,,1273272.00,109310.40,1273272.00,1286004.72,Paid,Paid,¥,40.0000
759,759,759,2660,2025-12-05,HMB,LC,,2026-02-05,2026-03-14,,9785776.00,840108.87,9785776.00,9883633.76,Paid,Paid,¥,40.0000
760,760,760,2660,2025-12-05,HMB,LC,,2026-02-05,2026-03-21,,4891040.00,419895.78,4891040.00,4939950.40,Paid,Paid,¥,40.0000
761,761,761,2659,2025-12-05,HMB,LC,,2026-01-10,2026-01-07,,7367250.00,2195072.14,7367250.00,7440922.50,Paid,Paid,$,280.3500
762,762,762,2658,2025-12-03,HMB,LC,,2026-02-02,,,3270960.00,346885.31,3270960.00,3303669.60,Paid,Paid,¥,40.7500
763,763,763,2658,2025-12-03,HMB,LC,,2026-02-02,,,2959880.00,313895.27,2959880.00,2989478.80,Paid,Paid,¥,40.7500
764,764,764,2656,2025-12-03,HMB,LC,,2026-02-12,2026-02-21,,2122003.20,632250.85,2122003.20,2143223.23,Paid,Paid,$,279.8000
765,765,765,2656,2025-12-03,HMB,LC,,2026-02-12,2026-02-21,,1090372.21,324876.40,1090372.21,1101275.93,Paid,Paid,$,279.8000
766,766,766,2656,2025-12-03,HMB,LC,,2026-02-12,2026-02-21,,2675335.68,797116.27,2675335.68,2702089.04,Paid,Paid,$,279.8000
767,767,767,2655,2025-12-04,HMB,LC,,2026-01-08,2026-03-08,,16967430.73,5912301.24,16967430.73,17137105.04,Paid,Paid,$,280.3000
768,768,768,2652,2025-11-21,HMB,LC,,2026-01-14,,,1636499.25,487594.95,1636499.25,1652864.24,Paid,Paid,£,326.0000
769,769,769,2652,2025-11-21,HMB,LC,,2026-01-14,,,196297.26,58486.77,196297.26,198260.23,Paid,Paid,£,326.0000
770,770,770,2652,2025-11-21,HMB,LC,,2026-01-14,,,29272.40,8721.71,29272.40,29565.12,Paid,Paid,£,326.0000
771,771,771,2652,2025-11-21,HMB,LC,,2026-01-14,,,1441235.13,429416.01,1441235.13,1455647.49,Paid,Paid,£,326.0000
772,772,772,2652,2025-11-21,HMB,LC,,2026-01-14,,,41325.74,12313.00,41325.74,41739.00,Paid,Paid,£,326.0000
773,773,773,2652,2025-11-21,HMB,LC,,2026-01-14,,,1894096.35,621737.13,1894096.35,1913037.32,Paid,Paid,£,326.0000
774,774,774,2652,2025-11-21,HMB,LC,,2026-01-14,,,258285.87,76956.27,258285.87,260868.73,Paid,Paid,£,326.0000
775,775,775,2645,2025-10-29,HMB,LC,,2026-01-08,2026-01-16,,1011200.00,86811.52,1011200.00,1021312.00,Paid,Paid,¥,39.5000
776,776,776,2645,2025-10-29,HMB,LC,,2026-01-08,2026-01-16,,2731188.00,234472.49,2731188.00,2758499.88,Paid,Paid,¥,39.5000
777,777,777,2633,2025-10-06,HMB,LC,,2025-12-10,2025-12-19,,4629240.00,397420.25,4629240.00,4675532.40,Paid,Paid,¥,40.0000
778,778,778,2633,2025-10-06,HMB,LC,,2025-12-10,2025-12-19,,1319300.00,113261.91,1319300.00,1332493.00,Paid,Paid,¥,40.0000
779,779,779,2633,2025-10-06,HMB,LC,,2025-12-10,2025-12-19,,1319300.00,113261.91,1319300.00,1332493.00,Paid,Paid,¥,40.0000
780,780,780,2628,2025-09-25,HMB,LC,,2025-11-13,2025-11-20,,115500.00,36746.33,115500.00,116655.00,Paid,Paid,€,330.0000
781,781,781,2628,2025-09-25,HMB,LC,,2025-11-13,2025-11-20,,63360.00,20157.98,63360.00,63993.60,Paid,Paid,€,330.0000
782,782,782,2628,2025-09-25,HMB,LC,,2025-11-13,2025-11-20,,9487.50,3018.45,9487.50,9582.37,Paid,Paid,€,330.0000
783,783,783,2628,2025-09-25,HMB,LC,,2025-11-13,2025-11-20,,347490.00,110553.94,347490.00,350964.90,Paid,Paid,€,330.0000
784,784,784,2628,2025-09-25,HMB,LC,,2025-11-13,2025-11-20,,202950.00,64568.54,202950.00,204979.50,Paid,Paid,€,330.0000
785,785,785,2628,2025-09-25,HMB,LC,,2025-11-13,2025-11-20,,356400.00,113388.66,356400.00,359964.00,Paid,Paid,€,330.0000
786,786,786,2596,2025-07-18,HMB,LC,,2025-11-13,2025-11-20,,16306700.00,4858581.27,16306700.00,16469767.00,Paid,Paid,$,281.1500
787,787,787,2582,2025-06-23,,,,,,,,,,,,,,
788,788,788,2582,2025-06-23,HMB,LC,,2025-07-28,2025-08-15,,18752297.85,6723636.39,18752297.85,18939820.83,Paid,Paid,$,283.8000
789,789,789,2540,2025-05-16,HMB,LC,,,,,,,,,,,,
790,790,790,2505,2024-12-23,HMB,LC,,,,,,,,,,,,
791,791,791,2501,2024-12-13,HMB,LC,,,,,,,,,,,,
792,792,792,2488,2024-12-12,HMB,LC,,,,,,,,,,,,
793,793,793,2473,2024-09-02,HMB,LC,,,,,,,,,,,,
794,794,794,2418,,,,,,2026-06-10,,,600000.00,0.00,0.00,,Paid,,0.0000
795,795,795,2410,,HMB,,,,2026-06-10,,,600000.00,0.00,0.00,,Paid,,0.0000
796,796,796,2409,,BAH,CAD,,,2026-02-25,,,750000.00,0.00,0.00,,Paid,,0.0000
797,797,797,2372,,HMB,Exp,,,2026-03-15,0.00,,200000.00,0.00,0.00,,Paid,$,0.0000
798,798,798,2372,,HMB,Exp,,,2026-03-15,0.00,,400000.00,0.00,0.00,,Paid,$,0.0000
799,799,799,2306,,,Exp,,,2025-11-24,,,400000.00,3055840.00,3086398.40,Unpaid,Paid,$,284.0000
800,800,800,2275,,,Exp,,,2025-09-30,0.00,,475000.00,0.00,0.00,Unpaid,Paid,$,284.0000
801,801,801,2255,,,Exp,,,2025-09-05,2796832.00,,183612.02,2796832.00,2824800.32,Paid,Paid,$,284.0000
802,802,802,952,2026-02-10,HMB,Contract,,2026-02-02,2026-02-28,,8460000.00,2776995.00,8460000.00,8544600.00,Paid,Unpaid,$,282.0000
803,803,803,675,2024-12-17,HMB,CAD,,,,,,,,,,,,
804,804,804,,,BAH,Advance,2026-03-05,,2026-03-15,390000.00,,750000.00,390000.00,393900.00,,Unpaid,¥,40.0000
805,805,805,,,BAH,Advance,2026-03-05,,2026-03-15,247000.00,,750000.00,247000.00,249470.00,,Unpaid,¥,40.0000
806,806,806,42034,2026-06-30,BAH,CAD,,2026-06-30,2026-05-25,,6826756.50,2034032.10,6826756.50,6895024.07,Paid,Unpaid,$,278.7000
807,807,807,,,BAH,CAD,,,2026-06-10,,,600000.00,8525540.00,8610795.40,,Unpaid,$,281.0000
808,808,808,44882,2026-06-05,BAH,Advance,2026-06-05,,2026-06-10,969655.40,,288908.83,969655.40,979351.95,,Unpaid,€,323.6500
809,809,809,44368,2026-05-19,BAH,Advance,2026-05-20,,2026-06-15,1093090.00,,325686.17,1093090.00,1104020.90,,Paid,$,281.0000
810,810,810,44796,2026-06-03,BAH,Advance,2026-06-03,,2026-06-17,192372.00,,600000.00,192372.00,194295.72,,Paid,$,278.8000
811,811,811,42622,2026-06-30,BAH,CAD,,2026-06-30,2026-05-25,,15717628.80,4683067.50,15717628.80,15874805.09,Paid,Unpaid,$,278.8000
812,812,812,68320,2026-06-04,BAH,LC,,2026-08-01,2026-08-05,,4299488.78,200000.00,4299488.78,4342483.67,Unpaid,Unpaid,¥,41.0000
813,813,813,68320,2026-06-04,BAH,LC,,2026-08-01,2026-08-05,,714446.73,200000.00,714446.73,721591.20,Unpaid,Unpaid,¥,41.0000
814,814,814,68320,2026-06-04,BAH,LC,,2026-08-01,2026-08-05,,2175623.18,200000.00,2175623.18,2197379.41,Unpaid,Unpaid,¥,41.0000
815,815,815,68320,2026-06-04,BAH,LC,,2026-08-01,2026-08-05,,1715743.40,200000.00,1715743.40,1732900.83,Unpaid,Unpaid,¥,41.0000
816,816,816,68320,2026-06-04,BAH,LC,,2026-08-01,2026-08-05,,2325159.20,200000.00,2325159.20,2348410.79,Unpaid,Unpaid,¥,41.0000
817,817,817,68320,2026-06-04,BAH,LC,,2026-08-01,2026-08-05,,1445893.70,200000.00,1445893.70,1460352.64,Unpaid,Unpaid,¥,41.0000
818,818,818,68320,2026-06-04,BAH,LC,,2026-08-01,2026-08-05,,1420568.00,200000.00,1420568.00,1434773.68,Unpaid,Unpaid,¥,41.0000
819,819,819,69578,2026-06-24,BAH,LC,,2026-07-30,2026-08-05,,2450147.70,200000.00,2450147.70,2474649.18,Unpaid,Unpaid,¥,41.0000
820,820,820,69578,2026-06-24,BAH,LC,,2026-07-30,2026-08-05,,4217678.20,200000.00,4217678.20,4259854.98,Unpaid,Unpaid,¥,41.0000
821,821,821,69578,2026-06-24,BAH,LC,,2026-07-30,2026-08-05,,2108839.10,200000.00,2108839.10,2129927.49,Unpaid,Unpaid,¥,41.0000
822,822,822,69578,2026-06-24,BAH,LC,,2026-07-30,2026-08-05,,558789.00,200000.00,558789.00,564376.89,Unpaid,Unpaid,¥,41.0000
823,823,823,69578,2026-06-24,BAH,LC,,2026-07-30,2026-08-05,,2745056.60,200000.00,2745056.60,2772507.17,Unpaid,Unpaid,¥,41.0000
824,824,824,69578,2026-06-24,BAH,LC,,2026-07-30,2026-08-05,,1772619.83,200000.00,,0.00,Unpaid,Unpaid,¥,41.0000
825,825,825,69578,2026-06-24,BAH,LC,,2026-07-30,2026-08-05,,1465258.00,200000.00,1465258.00,1479910.58,Unpaid,Unpaid,¥,41.0000
826,826,826,69677,2026-06-24,BAH,LC,,2026-07-30,2026-08-05,,36097447.21,200000.00,36097447.21,36458421.69,Unpaid,Unpaid,¥,41.0000
827,827,827,,,BAH,LC,,2026-08-10,2026-07-10,,8325753.15,200000.00,8325753.15,8409010.68,Unpaid,Unpaid,¥,41.0000
828,828,828,2739,2026-06-19,HMB,LC,,,2026-06-10,,,600000.00,2786985.07,2814854.92,,Unpaid,$,281.0000
829,829,829,2739,2026-06-19,HMB,LC,,,2026-06-10,,,600000.00,15594727.17,15750674.44,,Unpaid,$,281.0000
830,830,830,68955,2026-06-17,BAH,LC,,,2026-06-10,,,600000.00,3196248.55,3228211.04,,Unpaid,$,281.0000
831,831,831,68955,2026-06-17,BAH,LC,,,2026-06-10,,,600000.00,6029150.05,6089441.55,,Unpaid,$,281.0000
832,832,832,68000,2026-06-10,BAH,LC,,,2026-06-10,,,600000.00,61820000.00,62438200.00,,Unpaid,$,281.0000
833,833,833,41932,,BAH,CAD,,2026-06-10,2026-05-25,,2795950.00,833053.30,2795950.00,2823909.50,Unpaid,Unpaid,$,281.0000
834,834,834,41932,,BAH,CAD,,2026-06-10,2026-05-25,,7634770.00,2274779.72,7634770.00,7711117.70,Unpaid,Unpaid,$,281.0000
835,835,835,,,,,2026-05-05,,2026-06-30,301350.00,,95874.50,301350.00,304363.50,,Paid,¥,41.0000
836,836,836,44795,2026-06-04,BAH,Advance,2026-06-03,,2026-06-15,46779.80,,33782.03,46779.80,47247.59,,Paid,$,278.7000
837,837,837,2410,,HMB,,,,2026-06-19,,,200000.00,0.00,0.00,,Paid,,0.0000
838,838,838,62845,2026-03-31,BAH,LC,,2026-05-25,2026-06-22,,1843745.06,586587.49,1843745.06,1862182.51,Paid,Paid,€,320.4800
839,839,839,63909,2026-04-14,BAH,LC,,2026-05-30,2026-04-30,,4984560.00,1485149.65,4984560.00,5034405.60,Unpaid,Unpaid,€,322.0000
840,840,840,68756,2026-06-09,BAH,LC,,2026-07-15,2026-07-30,,3518775.00,200000.00,3518775.00,3553962.75,Unpaid,Unpaid,€,325.0000
841,841,841,68756,2026-06-09,BAH,LC,,2026-07-15,2026-07-30,,1616940.00,200000.00,1616940.00,1633109.40,Unpaid,Unpaid,€,325.0000
842,842,842,68756,2026-06-09,BAH,LC,,2026-07-15,2026-07-30,,1632150.00,200000.00,1632150.00,1648471.50,Unpaid,Unpaid,€,325.0000
843,843,843,68756,2026-06-09,BAH,LC,,2026-07-15,2026-07-30,,403065.00,200000.00,403065.00,407095.65,Unpaid,Unpaid,€,325.0000
844,844,844,68756,2026-06-09,BAH,LC,,2026-07-15,2026-07-30,,581256.00,200000.00,581256.00,587068.56,Unpaid,Unpaid,€,325.0000
845,845,845,4057,2026-06-22,HMB,Advance,2026-06-22,,2026-07-30,1711997.00,,200000.00,1711997.00,1729116.97,,Unpaid,$,278.6000
846,846,846,4065,2026-06-22,BAH,Advance,2026-06-22,,2026-07-30,845294.69,,200000.00,845294.69,853747.63,,Unpaid,$,278.6000
847,847,847,4063,2026-06-22,HMB,Advance,2026-06-22,,2026-07-30,1933484.00,,200000.00,1933484.00,1952818.84,,Unpaid,$,278.6000
848,848,848,,,BAH,Advance,2026-06-15,,2026-07-30,103740.00,,200000.00,103740.00,104777.40,,Unpaid,$,280.0000
849,849,849,,,BAH,Advance,2026-06-15,,2026-07-30,5292.00,,200000.00,5292.00,5344.92,,Unpaid,$,280.0000
850,850,850,4061,2026-06-22,HMB,Advance,2026-06-22,,2026-07-30,30228.10,,200000.00,30228.10,30530.38,,Unpaid,$,278.6000
851,851,851,4061,2026-06-22,HMB,Advance,2026-06-22,,2026-07-30,4374.02,,200000.00,4374.02,4417.76,,Unpaid,$,278.6000
852,852,852,4061,2026-06-22,HMB,Advance,2026-06-22,,2026-07-30,2184.22,,200000.00,2184.22,2206.07,,Unpaid,$,278.6000
853,853,853,4061,2026-06-22,HMB,Advance,2026-06-22,,2026-07-30,2696.85,,200000.00,2696.85,2723.82,,Unpaid,$,278.6000
854,854,854,4061,2026-06-22,HMB,Advance,2026-06-22,,2026-07-30,2914.16,,200000.00,2914.16,2943.30,,Unpaid,$,278.6000
855,855,855,4061,2026-06-22,HMB,Advance,2026-06-22,,2026-07-30,10854.26,,200000.00,10854.26,10962.80,,Unpaid,$,278.6000
856,856,856,4061,2026-06-22,HMB,Advance,2026-06-22,,2026-07-30,3348.77,,200000.00,3348.77,3382.26,,Unpaid,$,278.6000
857,857,857,4061,2026-06-22,HMB,Advance,2026-06-22,,2026-07-30,8012.54,,200000.00,8012.54,8092.66,,Unpaid,$,278.6000
858,858,858,4061,2026-06-22,HMB,Advance,2026-06-22,,2026-07-30,3276.34,,200000.00,3276.34,3309.10,,Unpaid,$,278.6000
859,859,859,4061,2026-06-22,HMB,Advance,2026-06-22,,2026-07-30,495.91,,200000.00,495.91,500.87,,Unpaid,$,278.6000
860,860,860,4061,2026-06-22,HMB,Advance,2026-06-22,,2026-07-30,4387.95,,200000.00,4387.95,4431.83,,Unpaid,$,278.6000
861,861,861,4061,2026-06-22,HMB,Advance,2026-06-22,,2026-07-30,27860.00,,200000.00,27860.00,28138.60,,Unpaid,$,278.6000
862,862,862,4061,2026-06-22,HMB,Advance,2026-06-22,,2026-07-30,2897.44,,200000.00,2897.44,2926.41,,Unpaid,$,278.6000
863,863,863,4061,2026-06-22,HMB,Advance,2026-06-22,,2026-07-30,23402.40,,200000.00,23402.40,23636.42,,Unpaid,$,278.6000
864,864,864,4061,2026-06-22,HMB,Advance,2026-06-22,,2026-07-30,2897.44,,200000.00,2897.44,2926.41,,Unpaid,$,278.6000
865,865,865,4045,2026-06-22,HMB,Advance,2026-06-16,,2026-07-30,1741250.00,,200000.00,1741250.00,1758662.50,,Unpaid,$,278.6000
866,866,866,4059,2026-06-22,HMB,Advance,2026-06-22,,2026-07-30,2173080.00,,200000.00,2173080.00,2194810.80,,Unpaid,$,278.6000
867,867,867,,,HMB,LC,,2026-07-15,2026-07-30,,21446100.00,6389865.50,21446100.00,21660561.00,Unpaid,Unpaid,$,282.0000
868,868,868,4067,2026-06-22,BAH,Advance,2026-06-22,,2026-07-30,643566.00,,211250.54,643566.00,650001.66,,Unpaid,$,278.6000
869,869,869,4067,2026-06-22,BAH,Advance,2026-06-22,,2026-07-30,388479.84,,115747.57,388479.84,392364.64,,Unpaid,$,278.6000
870,870,870,,,BAH,CAD,,2026-07-15,2026-07-30,,811492.50,241784.19,811492.50,819607.43,Unpaid,Unpaid,¥,41.0000
871,871,871,,,BAH,CAD,,2026-07-15,2026-07-30,,67240.00,20034.16,67240.00,67912.40,Unpaid,Unpaid,¥,41.0000
872,872,872,,,BAH,CAD,,2026-07-15,2026-07-30,,153545.00,45748.73,153545.00,155080.45,Unpaid,Unpaid,¥,41.0000
873,873,873,,,BAH,CAD,,2026-07-15,2026-07-30,,370185.72,110296.84,370185.72,373887.58,Unpaid,Unpaid,¥,41.0000
874,874,874,,,BAH,CAD,,2026-07-15,2026-07-30,,257480.00,76716.17,257480.00,260054.80,Unpaid,Unpaid,¥,41.0000
875,875,875,,,BAH,CAD,,2026-07-15,2026-07-30,,257480.00,76716.17,257480.00,260054.80,Unpaid,Unpaid,¥,41.0000
876,876,876,,,BAH,CAD,,2026-07-15,2026-07-30,,2059840.00,613729.33,2059840.00,2080438.40,Unpaid,Unpaid,¥,41.0000
877,877,877,,,BAH,CAD,,2026-07-15,2026-07-30,,2353.40,701.20,2353.40,2376.93,Unpaid,Unpaid,¥,41.0000
878,878,878,,,BAH,CAD,,2026-07-15,2026-07-30,,2812.60,838.01,2812.60,2840.73,Unpaid,Unpaid,¥,41.0000
879,879,879,,,BAH,CAD,,2026-07-15,2026-07-30,,3985.20,1187.39,3985.20,4025.05,Unpaid,Unpaid,¥,41.0000
880,880,880,,,BAH,CAD,,2026-07-15,2026-07-30,,6670.70,1987.54,6670.70,6737.41,Unpaid,Unpaid,¥,41.0000
881,881,881,,,BAH,CAD,,2026-07-15,2026-07-30,,16338.50,4868.06,16338.50,16501.89,Unpaid,Unpaid,¥,41.0000
882,882,882,,,BAH,CAD,,2026-07-15,2026-07-30,,17757.10,5290.73,17757.10,17934.67,Unpaid,Unpaid,¥,41.0000
883,883,883,,,BAH,CAD,,2026-07-15,2026-07-30,,23447.90,6986.30,23447.90,23682.38,Unpaid,Unpaid,¥,41.0000
884,884,884,,,BAH,CAD,,2026-07-15,2026-07-30,,29421.60,8766.17,29421.60,29715.82,Unpaid,Unpaid,¥,41.0000
885,885,885,,,BAH,CAD,,2026-07-15,2026-07-30,,40376.80,12030.27,40376.80,40780.57,Unpaid,Unpaid,¥,41.0000
886,886,886,,,BAH,CAD,,2026-07-15,2026-07-30,,1976.20,588.81,1976.20,1995.96,Unpaid,Unpaid,¥,41.0000
887,887,887,,,BAH,CAD,,2026-07-15,2026-07-30,,4616.60,1375.52,4616.60,4662.77,Unpaid,Unpaid,¥,41.0000
888,888,888,,,BAH,CAD,,2026-07-15,2026-07-30,,8163.10,2432.20,8163.10,8244.73,Unpaid,Unpaid,¥,41.0000
889,889,889,,,BAH,CAD,,2026-07-15,2026-07-30,,14637.00,4361.09,14637.00,14783.37,Unpaid,Unpaid,¥,41.0000
890,890,890,,,BAH,CAD,,2026-07-15,2026-07-30,,16506.60,4918.14,16506.60,16671.67,Unpaid,Unpaid,¥,41.0000
891,891,891,,,BAH,CAD,,2026-07-15,2026-07-30,,19749.70,5884.42,19749.70,19947.20,Unpaid,Unpaid,¥,41.0000
892,892,892,,,BAH,CAD,,2026-07-15,2026-07-30,,24341.70,7252.61,24341.70,24585.12,Unpaid,Unpaid,¥,41.0000
893,893,893,,,BAH,CAD,,2026-07-15,2026-07-30,,27556.10,8210.34,27556.10,27831.66,Unpaid,Unpaid,¥,41.0000
894,894,894,,,BAH,CAD,,2026-07-15,2026-07-30,,34300.60,10219.86,34300.60,34643.61,Unpaid,Unpaid,¥,41.0000
895,895,895,4043,2026-06-16,BAH,Advance,2026-06-16,,,1679034.98,,551143.23,1679034.98,1695825.33,,Unpaid,$,278.6000
896,896,896,68756,2026-06-09,BAH,LC,,2026-07-10,2026-07-30,,503880.00,200000.00,503880.00,508918.80,Unpaid,Unpaid,€,325.0000
897,897,897,4069,2026-06-23,HMB,Advance,2026-06-23,,2026-07-30,121224.96,,200000.00,121224.96,122437.21,,Unpaid,$,278.5500
898,898,898,4069,2026-06-23,HMB,Advance,2026-06-23,,2026-07-30,320889.60,,200000.00,320889.60,324098.50,,Unpaid,$,278.5500
899,899,899,4069,2026-06-23,HMB,Advance,2026-06-23,,2026-07-30,58216.95,,200000.00,58216.95,58799.12,,Unpaid,$,278.5500
900,900,900,,,,,,2026-07-20,2026-07-30,,0.00,200000.00,0.00,0.00,Unpaid,Unpaid,,0.0000
901,901,901,,,,,2026-07-03,,2026-07-30,7156350.00,,200000.00,7156350.00,7227913.50,,Unpaid,¥,279.0000
902,902,902,,,,,2026-07-03,,2026-07-30,16698150.00,,200000.00,16698150.00,16865131.50,,Unpaid,¥,279.0000
