452,452,,,0.00,0.00,,,,,,,,By Sea,MEDUTZ352179,,,Karachi,,2025-12-09,2026-01-09,2026-01-13,2026-01-30,2026-02-04,2026-02-04,57,EFS,2026-02-04 00:00:00,KAPS-TI-134916,,2026-02-13,,9,2026-02-20,0.0,0.0,0.0,0.00,0.00,,
453,453,,,,,8438.901,No,CFR,,2025-04-22 00:00:00,Hapag-Lloyd,Ceva Log. - KHI,1 x 20' OT,MEDUFI430663,,Durban,Karachi-port,2025-04-10,,,,,,,,,2025-08-13 00:00:00,KAPS-TI-26638,,,,,2025-08-25,0.0,0.0,0.0,,,,
454,454,,,,,8438.901,No,CFR,,2025-04-22 00:00:00,Hapag-Lloyd,Ceva Log. - KHI,1 x 20' OT,MEDUFI384175,,Durban,Karachi-port,2025-04-10,,,,,,,,,2025-07-11 00:00:00,KAPS-TI-7136,,,,,2025-07-22,0.0,0.0,0.0,,,,
455,455,,,,,,,,,,,,,DBA0372837,,,,,,,,,,,,,2025-06-20 00:00:00,KAPS-TI-205449,,,,,2025-07-01,0.0,0.0,0.0,,,,
456,456,,,,,8438.901,No,CFR,,2025-02-25 00:00:00,CMA CGM,CMA CGM - KHI,2 x 20' OT,DBA0366148 / DUR250078975,6,Durban,Karachi-port,2025-02-24,2025-02-25,2025-03-21,,,,,3.4285714285714284,Eastern,2025-03-24 00:00:00,,Green,2025-03-28,2025-03-26,7,2025-04-03,0.0,0.0,0.0,,,,
457,457,,,,,8438.901,No,CFR,,2025-02-05 00:00:00,CMA CGM,Ceva - KHI,1 x 40' OT,DBA0365115,6,Durban,Karachi-port,2025-02-05,2025-02-05,2025-03-15,,,,,5.428571428571429,Eastern,2025-03-17 00:00:00,,Green,,2025-03-20,,2025-03-27,0.0,0.0,0.0,,,,
458,458,,,,,8438.901,No,CFR,,2024-12-27 00:00:00,CMA CGM,CMA CGM - KHI,2 x 20' + 2 x 40' OT,DBA0362352,7,Durban,Karachi-port,2024-12-27,2024-12-27,2025-02-02,,,,,5.285714285714286,Eastern,2025-02-03 00:00:00,,Green,2025-02-11,2025-02-07,8,2025-02-15,0.0,0.0,0.0,,,,
459,459,,,,,8438.901,No,CFR,,2025-01-21 00:00:00,CMA CGM,Ceva - KHI,3 x 20' OT,DBA0364007,7,Durban,Karachi-port,2025-01-21,2025-01-22,2025-02-21,,,,,4.285714285714286,Eastern,2025-02-21 00:00:00,,Green,2025-03-01,2025-02-27,8,2025-03-05,0.0,0.0,0.0,,,,
460,460,,,,0.00,8438.901,No,CFR,,2024-12-22 00:00:00,CMA CGM,Pending,1 x 20' O/T,ABQ0115597,7,Beira,Karachi-port,2024-12-24,2024-12-22,2025-01-23,,,,,4.571428571428571,Eastern,2025-01-24 00:00:00,,Green,2025-01-31,2025-01-30,8,2025-02-03,0.0,0.0,0.0,,,,
461,461,,,30230.70,1364610.97,3824.1,,CFR Karachi,,,,,Sea,,,,Karachi,,2026-06-25,2026-07-17,,,,2026-07-17,22,,,,,,,0,2026-07-27,21.857142857142858,0.0,-64.0,,,0.23,0.07
462,462,,,,,3824.1,,CFR Karachi,,,,,Sea,,,,Karachi,,2026-06-25,2026-07-17,,,,2026-07-17,22,,,,,,,0,2026-07-27,21.857142857142858,0.0,-64.0,1364610.97,1378257.08,0.23,0.07
463,463,,,,,,,,,,,,,HLCUBSC2504CWGR0,,,,,,,,,,,,,2025-07-07 00:00:00,KPPI-HC-1131,,2025-07-08,,,2025-07-11,0.0,0.0,0.0,,,,
464,464,,,54750.00,15439500.00,3801.9,,CFR Karachi,,,,,Sea,,,Damam,Karachi,,2026-07-25,2026-07-31,,,,2026-07-31,6,EFS,,,,,,0,2026-08-10,41.57142857142857,0.0,-199.0,15439500.00,15593895.00,0.26,0.07
465,465,,,12600.00,3578400.00,,NO,OLB,,,,,By Sea,,,,0,,2025-07-21,2025-08-19,,,,2025-08-19,29,EFS,,,,,,0,2025-08-29,0.0,0.0,0.0,3578400.00,3614184.00,,0.07
466,466,B2,,,,7228.4,,FOB Shanghai,,Interasia Amplify,,Broco,Sea,SHZS60000800,,Shanghai,Karachi,2026-01-21,2026-02-22,2026-03-17,2026-03-19,2026-03-21,,2026-03-21,27,EFS,2026-03-24 00:00:00,KAPS-FS-162511,,2026-03-26,,2,2026-04-02,16.0,0.0,-28.0,4138048.00,4179428.48,0.02,0.07
467,467,B2,,,,7228.4,,FOB Shanghai,,Interasia Amplify,,Broco,Sea,SHZS60000800,,Shanghai,Karachi,2026-01-21,2026-02-22,2026-03-17,2026-03-19,2026-03-21,,2026-03-21,27,EFS,2026-03-24 00:00:00,KAPS-FS-162511,,2026-03-26,,2,2026-04-02,16.0,0.0,-28.0,2714764.00,2741911.64,0.02,0.07
468,468,B2,,,,7228.4,,FOB Shanghai,,Interasia Amplify,,Broco,Sea,SHZS60000800,,Shanghai,Karachi,2026-01-21,2026-02-22,2026-03-17,2026-03-19,2026-03-21,,2026-03-21,27,EFS,2026-03-24 00:00:00,KAPS-FS-162511,,2026-03-26,,2,2026-04-02,16.0,0.0,-28.0,2534488.00,2559832.88,0.02,0.07
469,469,B2,,,,7228.4,,FOB Shanghai,,Interasia Amplify,,Broco,Sea,SHZS60000800,,Shanghai,Karachi,2026-01-21,2026-02-22,2026-03-17,2026-03-19,2026-03-21,,2026-03-21,27,EFS,2026-03-24 00:00:00,KAPS-FS-162511,,2026-03-26,,2,2026-04-02,16.0,0.0,-28.0,3729024.00,3766314.24,0.02,0.07
470,470,B2,,,,7228.4,,FOB Shanghai,,Interasia Amplify,,Broco,Sea,SHZS60000800,,Shanghai,Karachi,2026-01-21,2026-02-22,2026-03-17,2026-03-19,2026-03-21,,2026-03-21,27,EFS,2026-03-24 00:00:00,KAPS-FS-162511,,2026-03-26,,2,2026-04-02,16.0,0.0,-28.0,3488324.00,3523207.24,0.02,0.07
471,471,B1,,193785.90,7751436.00,7214.109,,FOB Shanghai,,Zhong GU XI AN,,Broco,Sea,757610069636,,Shanghai,Karachi,2026-01-21,2026-02-17,2026-03-13,,,,2026-03-13,24,EFS,2026-03-17 00:00:00,KAPS-FS-007937,,2026-03-18,,1,2026-03-30,15.571428571428571,0.0,-25.0,1249556.00,1262051.56,0.02,0.07
472,472,B1,,,,7214.109,,FOB Shanghai,,Zhong GU XI AN,,Broco,Sea,757610069636,,Shanghai,Karachi,2026-01-21,2026-02-17,2026-03-13,,,,2026-03-13,24,EFS,2026-03-17 00:00:00,KAPS-FS-007937,,2026-03-18,,1,2026-03-30,15.571428571428571,0.0,-25.0,6501880.00,6566898.80,0.02,0.07
473,473,,,136666.00,38088814.20,8458.99,,CFR-FCL,,Ever Utile,,,By Sea,144600157406,,Dalian,Karachi,2026-02-28,2026-06-08,2026-07-26,,,,2026-07-26,48,EFS,,,,,,0,2026-08-05,0.0,0.0,0.0,38088814.20,38469702.34,0.02,0.07
474,474,,,63317.80,17757477.01,7204.109,No,CFR Karachi,,MSC Linzie,MSC,MSC Pakistan,By Sea,MEDUYK516787,,"Gdynia, Poland",Karachi,2025-12-30,2025-11-15,2025-12-30,2025-12-31,2026-01-01,,2026-01-01,47,MHQ,2026-01-02 00:00:00,KPPI-HC-38901,,2026-01-03,,1,2026-01-09,0.0,0.0,0.0,17757477.01,17935051.78,0.28,0.07
475,475,,,,,3824.1,EFS,CFR-FCL,,ESL Dachan Bay,TS Lines,Sharaf Shipping,By Sea,799510774012,,Qingdao,Karachi,2025-12-20,2025-12-19,2026-01-11,2026-01-14,,,2026-01-14,26,EFS,2026-01-14 00:00:00,KAPS-FS-121254,,2026-01-17,,3,2026-01-24,,0.0,4.0,3455649.60,3490206.10,0.23,0.07
476,476,,,,,3824.1,EFS,CFR-FCL,,ESL Dachan Bay,TS Lines,Sharaf Shipping,By Sea,799510774012,,Qingdao,Karachi,2025-12-20,2025-12-19,2026-01-11,2026-01-14,,,2026-01-14,26,EFS,2026-01-14 00:00:00,KAPS-FS-121254,,2026-01-17,,3,2026-01-24,,0.0,4.0,2117020.00,2138190.20,0.23,0.07
477,477,,,,,7204.109,EFS,CFR - FCL,,MSC UNIFIC,MSC,MSC Pakistan,By Sea,MEDUJZ306948,,New York,Karachi,,2025-07-19,2025-09-02,2025-09-09,2025-09-13,2025-09-20,2025-09-20,63,MHQ,2025-09-25 00:00:00,KPPI-HC-17648,Green,2025-09-26,,1,2025-09-30,0.0,0.0,0.0,9078405.88,9169189.93,0.02,0.07
478,478,,,,,,,,,,,,,HLCUBSC2506BKWN7,,,,,,,,,,,,,2025-08-19 00:00:00,KPPI-HC-9615,,2025-08-22,,,2025-08-26,0.0,0.0,0.0,,,,
479,479,,,,,,,,,,,,,HLCUBSC2506ASWB7,,,,,,,,,,,,,2025-08-15 00:00:00,KPPI-HC-8861,,2025-08-17,,,2025-08-19,0.0,0.0,0.0,,,,
480,480,B1,,23463.00,6658799.40,7204.109,NO,CFR - FCL,,Nagoya Express,Hapag,Happag-Lloyd Pakistan,By Sea,HLCUBSC2506SWB7,,New York,Karachi,,2025-06-24,2025-08-13,,,,2025-08-13,50,MHQ,2025-08-15 00:00:00,KPPI-HC-8861,,2025-08-17,,2,2025-08-19,0.0,0.0,0.0,6658799.40,6725387.39,0.31,0.07
481,481,B2,,54442.88,15450887.93,7204.109,NO,CFR - FCL,,KOTA MANZANELLO,Hapag,,By Sea,HUBSC2506BKWN7,,New York,Karachi,,2025-06-24,2025-08-18,,,,2025-08-18,55,MHQ,2025-08-19 00:00:00,KPPI-HC-9615,,2025-08-22,,3,2025-09-05,0.0,0.0,0.0,15450887.93,15605396.80,0.31,0.07
482,482,B3,,60772.50,17259390.00,7204.109,NO,CFR - FCL,,KOTA MANZANELLO,Maersk,,By Sea,255762668,,New York,Karachi,,2025-07-19,2025-08-27,,,,2025-08-27,39,MHQ,2025-08-28 00:00:00,KPPI-HC-11661,,2025-09-04,,7,2025-09-06,0.0,0.0,0.0,17259390.00,17431983.90,0.31,0.07
483,483,B4,,15180.38,4311226.50,7204.109,NO,CFR - FCL,,KOTA MANZANELLO,Maersk,,By Sea,257047097,,New York,Karachi,,2025-07-27,2025-09-10,,,,2025-09-10,45,MHQ,2025-09-11 00:00:00,KPPI-HC-14396,,2025-09-14,,3,2025-09-16,0.0,0.0,0.0,4311226.50,4354338.77,0.31,0.07
484,484,,,90020.40,3596314.98,6903.901,,CFR Karachi,,OOCL NAGOYA,,,By Sea,YMJAS237020022,,Shanghai,Karachi,2025-11-20,2025-12-01,2025-12-19,2025-12-22,2025-12-29,,2025-12-29,28,EFS,2025-12-22 00:00:00,KAPW-HC-113784,Green,2025-12-23,,1,2025-12-31,7.857142857142857,0.0,37.0,265108.20,267759.28,0.26,0.07
485,485,,,,,6903.901,,CFR Karachi,,OOCL NAGOYA,,,By Sea,YMJAS237020022,,Shanghai,Karachi,2025-11-20,2025-12-01,2025-12-19,2025-12-22,2025-12-29,,2025-12-29,28,EFS,2025-12-22 00:00:00,KAPW-HC-113784,Green,2025-12-23,,1,2025-12-31,9.285714285714286,0.0,26.0,878296.76,887079.72,0.26,0.07
486,486,,,,,6903.901,,CFR Karachi,,OOCL NAGOYA,,,By Sea,YMJAS237020022,,Shanghai,Karachi,2025-11-20,2025-12-01,2025-12-19,2025-12-22,2025-12-29,,2025-12-29,28,EFS,2025-12-22 00:00:00,KAPW-HC-113784,Green,2025-12-23,,1,2025-12-31,7.857142857142857,0.0,37.0,217707.53,219884.60,0.26,0.07
487,487,,,,,6903.901,,CFR Karachi,,OOCL NAGOYA,,,By Sea,YMJAS237020022,,Shanghai,Karachi,2025-11-20,2025-12-01,2025-12-19,2025-12-22,2025-12-29,,2025-12-29,28,EFS,2025-12-22 00:00:00,KAPW-HC-113784,Green,2025-12-23,,1,2025-12-31,7.857142857142857,0.0,37.0,1289586.00,1302481.86,0.26,0.07
488,488,,,,,6903.901,,CFR Karachi,,OOCL NAGOYA,,,By Sea,YMJAS237020022,,Shanghai,Karachi,2025-11-20,2025-12-01,2025-12-19,2025-12-22,2025-12-29,,2025-12-29,28,EFS,2025-12-22 00:00:00,KAPW-HC-113784,Green,2025-12-23,,1,2025-12-31,7.857142857142857,0.0,37.0,945616.50,955072.67,0.26,0.07
489,489,,,,,,,,,,,,,HLCUBSC2505BDWG2,,,,,,,,,,,,,2025-07-15 00:00:00,KPPI-HC-2859,,,,,2025-07-24,0.0,0.0,0.0,,,,
490,490,,,,25635114.78,,,,,,,,,HLCUBSC2505CEME0,,,,,,,,,,,,,2025-07-22 00:00:00,KPPI-HC-4147,,,,,2025-07-28,0.0,0.0,0.0,,,,
491,491,,,253068.73,10375817.93,7214.109,YES,FOB,,,,,Sea,,,,Karachi,2026-06-25,2026-07-10,2026-08-07,,,,2026-08-07,28,EFS,,,,,,0,2026-08-13,12.0,0.0,0.0,4338406.80,4381790.87,0.02,0.07
492,492,,,,,7214.109,YES,FOB,,,,,Sea,,,,Karachi,2026-06-25,2026-07-10,2026-08-07,,,,2026-08-07,28,EFS,,,,,,0,2026-08-13,12.0,0.0,0.0,3544935.03,3580384.38,0.02,0.07
493,493,,,,,7214.109,YES,FOB,,,,,Sea,,,,Karachi,2026-06-25,2026-07-10,2026-08-07,,,,2026-08-07,28,EFS,,,,,,0,2026-08-13,12.0,0.0,0.0,2358098.60,2381679.59,0.02,0.07
494,494,,,,,7228.4,YES,FOB,,,,,Sea,,,,Karachi,2026-07-05,2026-07-10,2026-08-07,,,,2026-08-07,28,EFS,,,,,,0,2026-08-13,12.0,0.0,0.0,109060.00,110150.60,0.02,0.07
495,495,,,,,7228.4,YES,FOB,,,,,Sea,,,,Karachi,2026-07-05,2026-07-10,2026-08-07,,,,2026-08-07,28,EFS,,,,,,0,2026-08-13,12.0,0.0,0.0,25317.50,25570.68,0.02,0.07
496,496,,,370538.47,15192077.27,7214.109,YES,FOB,,,,,Sea,,,,Karachi,2026-06-26,2026-07-09,2026-07-30,,,,2026-07-30,21,EFS,,,,,,0,2026-08-07,12.0,0.0,0.0,8625088.00,8711338.88,0.02,0.07
497,497,,,,,7228.8,YES,FOB,,,,,Sea,,,,Karachi,2026-06-26,2026-07-09,2026-07-30,,,,2026-07-30,21,EFS,,,,,,0,2026-08-07,12.0,0.0,0.0,1406013.00,1420073.13,0.02,0.07
498,498,,,,,7228.8,YES,FOB,,,,,Sea,,,,Karachi,2026-06-26,2026-07-09,2026-07-30,,,,2026-07-30,21,EFS,,,,,,0,2026-08-07,12.0,0.0,0.0,2417688.00,2441864.88,0.02,0.07
499,499,,,,,7228.8,YES,FOB,,,,,Sea,,,,Karachi,2026-06-26,2026-07-09,2026-07-30,,,,2026-07-30,21,EFS,,,,,,0,2026-08-07,11.571428571428571,0.0,3.0,629340.57,635633.98,0.02,0.07
500,500,,,,,7228.8,YES,FOB,,,,,Sea,,,,Karachi,2026-06-26,2026-07-09,2026-07-30,,,,2026-07-30,21,EFS,,,,,,0,2026-08-07,11.571428571428571,0.0,3.0,548346.30,553829.76,0.02,0.07
501,501,,,,,7228.8,YES,FOB,,,,,Sea,,,,Karachi,2026-06-26,2026-07-09,2026-07-30,,,,2026-07-30,21,EFS,,,,,,0,2026-08-07,11.428571428571429,0.0,5.0,1565601.40,1581257.41,0.02,0.07
502,502,,,,,7214.109,,FOB,,,,,Sea,,,,Karachi,2026-06-17,2026-07-10,2026-08-01,,,,2026-08-01,22,EFS,,,,,,0,2026-08-07,13.142857142857142,0.0,-8.0,1203407.40,1215441.47,0.02,0.07
503,503,,,,,7228.8,,FOB,,,,,Sea,,,,Karachi,2026-06-17,2026-07-10,2026-08-01,,,,2026-08-01,22,EFS,,,,,,0,2026-08-07,12.571428571428571,0.0,-4.0,1053699.83,1064236.83,0.02,0.07
504,504,,,,,7214.109,,FOB,,,,,Sea,,,,Karachi,2026-06-17,2026-07-10,2026-08-01,,,,2026-08-01,22,EFS,,,,,,0,2026-08-07,12.142857142857142,0.0,1.0,4464494.10,4509139.04,0.02,0.07
505,505,,,,,7214.109,,FOB,,,,,Sea,,,,Karachi,2026-06-17,2026-07-10,2026-08-01,,,,2026-08-01,22,EFS,,,,,,0,2026-08-07,12.142857142857142,0.0,1.0,3917802.15,3956980.17,0.02,0.07
506,506,,,,,7214.109,,FOB,,,,,Sea,,,,Karachi,2026-06-17,2026-07-10,2026-08-01,,,,2026-08-01,22,EFS,,,,,,0,2026-08-07,12.0,0.0,0.0,7835604.30,7913960.34,0.02,0.07
507,507,,,,,7214.109,,FOB,,VARANYA BHUM 012W,,Portlink,Sea,HOSE26060372,,Shanghai,Karachi,2026-06-10,2026-06-21,2026-07-15,,,,2026-07-15,24,EFS,,,,,,0,2026-07-23,12.285714285714286,0.0,-2.0,2148318.00,2169801.18,0.02,0.07
508,508,,,,,7214.109,,FOB,,VARANYA BHUM 012W,,Portlink,Sea,HOSE26060372,,Shanghai,Karachi,2026-06-10,2026-06-21,2026-07-15,,,,2026-07-15,24,EFS,,,,,,0,2026-07-23,12.285714285714286,0.0,-2.0,8165355.00,8247008.55,0.02,0.07
509,509,,,,,7214.109,,FOB,,VARANYA BHUM 012W,,Portlink,Sea,HOSE26060372,,Shanghai,Karachi,2026-06-10,2026-06-21,2026-07-15,,,,2026-07-15,24,EFS,,,,,,0,2026-07-23,11.428571428571429,0.0,5.0,1856635.80,1875202.16,0.02,0.07
510,510,,,,,7214.109,,FOB,,VARANYA BHUM 012W,,Portlink,Sea,HOSE26060372,,Shanghai,Karachi,2026-06-10,2026-06-21,2026-07-15,,,,2026-07-15,24,EFS,,,,,,0,2026-07-23,11.428571428571429,0.0,5.0,1856635.80,1875202.16,0.02,0.07
511,511,B2,,219031.35,8980285.35,7214.109,,FOB,,,,,Sea,,,,Karachi,2026-06-16,2026-07-01,2026-07-23,,,,2026-07-23,22,,,,,,,0,2026-07-30,13.857142857142858,0.0,-13.0,1836291.60,1854654.52,0.02,0.07
512,512,B2,,,,7214.109,,FOB,,,,,Sea,,,,Karachi,2026-06-16,2026-07-01,2026-07-23,,,,2026-07-23,22,,,,,,,0,2026-07-30,13.857142857142858,0.0,-13.0,4856322.90,4904886.13,0.02,0.07
513,513,B1,,37308.70,1529656.70,7214.109,,FOB,,,,,Sea,HSHKHI2602501A,,Shanghai,Karachi,2026-06-09,2026-06-21,2026-07-15,,,,2026-07-15,24,,,,,,,0,2026-07-22,12.714285714285714,0.0,-5.0,379482.68,383277.50,0.02,0.07
514,514,B1,,,,7214.109,,FOB,,,,,Sea,HSHKHI2602501A,,Shanghai,Karachi,2026-06-09,2026-06-21,2026-07-15,,,,2026-07-15,24,,,,,,,0,2026-07-22,12.714285714285714,0.0,-5.0,391120.73,395031.94,0.02,0.07
515,515,B1,,,,7214.109,,FOB,,,,,Sea,HSHKHI2602501A,,Shanghai,Karachi,2026-06-09,2026-06-21,2026-07-15,,,,2026-07-15,24,,,,,,,0,2026-07-22,12.714285714285714,0.0,-5.0,396866.47,400835.13,0.02,0.07
516,516,B1,,,,7214.109,,FOB,,,,,Sea,HSHKHI2602501A,,Shanghai,Karachi,2026-06-09,2026-06-21,2026-07-15,,,,2026-07-15,24,,,,,,,0,2026-07-22,12.714285714285714,0.0,-5.0,362186.83,365808.69,0.02,0.07
517,517,B2,,219031.35,8980285.35,7228.4,YES,FOB,,,,,Sea,,,,Karachi,2026-06-16,2026-07-01,2026-07-23,,,,2026-07-23,22,,,,,,,0,2026-07-30,13.428571428571429,0.0,-10.0,2287670.85,2310547.56,0.02,0.07
518,518,B2,,35683.12,9934180.61,7204.109,NO,CFR Karachi,,,,,Sea,,,,Karachi,,2026-05-15,2026-07-13,,,,2026-07-13,59,MHQ,,,,,,0,2026-07-23,0.0,0.0,0.0,9934180.61,10033522.41,0.31,0.07
519,519,B1,,30285.20,8460170.62,7204.109,NO,CFR Karachi,,,,,Sea,,,,Karachi,,2026-05-26,2026-07-09,2026-07-11,,,2026-07-11,46,MHQ,,,,,,0,2026-07-21,0.0,0.0,0.0,8460170.62,8544772.33,0.31,0.07
520,520,B3,,9115.48,2570565.36,7204.109,NO,CFR Karachi,,,,,Sea,,,,Karachi,,2026-06-29,2026-08-25,,,,2026-08-25,57,MHQ,,,,,,0,2026-09-04,0.0,0.0,0.0,2570565.36,2596271.01,0.31,0.07
521,521,,,372163.70,15258711.70,7214.109,YES,FOB,,OOCL LE HARVE,OOCL,MIYAM SHIPPING,Sea,KXSE28060100002,,Shanghai,Karachi,2026-05-22,2026-06-15,2026-07-02,2026-07-03,,,2026-07-03,18,,,,,,,0,2026-07-10,12.428571428571429,0.0,-3.0,4952258.80,5001781.39,0.02,0.07
522,522,,,,,7214.109,YES,FOB,,OOCL LE HARVE,OOCL,MIYAM SHIPPING,Sea,KXSE28060100002,,Shanghai,Karachi,2026-05-22,2026-06-15,2026-07-02,2026-07-03,,,2026-07-03,18,,,,,,,0,2026-07-10,12.428571428571429,0.0,-3.0,4708276.00,4755358.76,0.02,0.07
523,523,,,,,7214.109,YES,FOB,,OOCL LE HARVE,OOCL,MIYAM SHIPPING,Sea,KXSE28060100002,,Shanghai,Karachi,2026-05-22,2026-06-15,2026-07-02,2026-07-03,,,2026-07-03,18,,,,,,,0,2026-07-10,12.428571428571429,0.0,-3.0,2394588.60,2418534.49,0.02,0.07
524,524,,,,,7214.109,YES,FOB,,OOCL LE HARVE,OOCL,MIYAM SHIPPING,Sea,KXSE28060100002,,Shanghai,Karachi,2026-05-22,2026-06-15,2026-07-02,2026-07-03,,,2026-07-03,18,,,,,,,0,2026-07-10,12.0,0.0,0.0,2414674.50,2438821.25,0.02,0.07
525,525,,,,,7228.8,YES,FOB,,OOCL LE HARVE,OOCL,MIYAM SHIPPING,Sea,KXSE28060100002,,Shanghai,Karachi,2026-05-22,2026-06-15,2026-07-02,2026-07-03,,,2026-07-03,18,,,,,,,0,2026-07-10,13.0,0.0,-5.0,723313.80,730546.94,0.02,0.07
526,526,,,,,7228.4,YES,FOB,,OOCL LE HARVE,OOCL,MIYAM SHIPPING,Sea,KXSE28060100002,,Shanghai,Karachi,2026-05-22,2026-06-15,2026-07-02,2026-07-03,,,2026-07-03,18,,,,,,,0,2026-07-10,13.0,0.0,-5.0,65600.00,66256.00,0.02,0.07
527,527,,,,,,,,,,,,,252402049,,,,,,,,,,,,,2025-07-09 00:00:00,KPPI-HC-1760,,,,,2025-07-22,0.0,0.0,0.0,,,,
528,528,,,30960.00,10075932.00,3824.1,,CFR Karachi,,NAVIOS AZURE,CMA CGM,CMA CGM - KHI,Sea,ISB1962187,,Aliaga,Karachi,,2026-05-09,2026-07-15,2026-07-27,2026-07-29,,2026-07-29,81,EFS,,,,,,0,2026-08-08,,0.0,-44.0,10075932.00,10176691.32,0.23,0.07
529,529,B2,,,,7228.4,,FOB Shanghai,,,,,Sea,HSHKHI2602501B,,Shanghai,Karachi,2026-06-10,2026-06-21,2026-07-15,,,,2026-07-15,24,EFS,,,,,,0,2026-07-25,16.142857142857142,0.0,-25.0,1702608.00,1719634.08,0.02,0.07
530,530,B2,,,,7228.4,,FOB Shanghai,,,,,Sea,HSHKHI2602501B,,Shanghai,Karachi,2026-06-10,2026-06-21,2026-07-15,,,,2026-07-15,24,EFS,,,,,,0,2026-07-25,16.142857142857142,0.0,-25.0,1178680.00,1190466.80,0.02,0.07
531,531,B1,,1114888.05,44595522.00,7214.109,YES,FOB Shanghai,,,,,Sea,,,,Karachi,2026-05-20,2026-06-08,2026-07-03,2026-07-05,2026-07-08,,2026-07-08,30,EFS,,,,,,0,2026-07-18,15.142857142857142,0.0,-18.0,20315646.00,20518802.46,0.02,0.07
532,532,B1,,,,7214.109,YES,FOB Shanghai,,,,,Sea,,,,Karachi,2026-05-20,2026-06-08,2026-07-03,2026-07-05,2026-07-08,,2026-07-08,30,EFS,,,,,,0,2026-07-18,15.142857142857142,0.0,-18.0,3077360.00,3108133.60,0.02,0.07
533,533,B1,,,,7214.109,YES,FOB Shanghai,,,,,Sea,,,,Karachi,2026-05-20,2026-06-08,2026-07-03,2026-07-05,2026-07-08,,2026-07-08,30,EFS,,,,,,0,2026-07-18,15.142857142857142,0.0,-18.0,19378980.00,19572769.80,0.02,0.07
534,534,B1,,,,7214.109,YES,FOB Shanghai,,,,,Sea,,,,Karachi,2026-05-20,2026-06-08,2026-07-03,2026-07-05,2026-07-08,,2026-07-08,30,EFS,,,,,,0,2026-07-18,15.142857142857142,0.0,-18.0,1823536.00,1841771.36,0.02,0.07
535,535,,,,,,,,,,,,,MEDUVC775735,,,,,,,,,,,,,2025-07-16 00:00:00,KPPI-HC-3035,,2025-07-19,,,2025-07-21,0.0,0.0,0.0,,,,
536,536,,,26694.00,8595468.00,3824.1,,CFR Karachi,,NAVIOS AZURE,CMA CGM,CMA CGM - KHI,Sea,ISB1974090,,Aliaga,Karachi,,2026-05-09,2026-07-15,2026-07-27,2026-07-29,,2026-07-29,81,EFS,,,,,,0,2026-08-08,,0.0,-14.0,996912.00,1006881.12,0.23,0.07
537,537,,,,,3824.1,,CFR Karachi,,NAVIOS AZURE,CMA CGM,CMA CGM - KHI,Sea,ISB1974090,,Aliaga,Karachi,,2026-05-09,2026-07-15,2026-07-27,2026-07-29,,2026-07-29,81,EFS,,,,,,0,2026-08-08,,0.0,-75.0,1371720.00,1385437.20,0.23,0.07
538,538,,,,,3824.1,,CFR Karachi,,NAVIOS AZURE,CMA CGM,CMA CGM - KHI,Sea,ISB1974090,,Aliaga,Karachi,,2026-05-09,2026-07-15,2026-07-27,2026-07-29,,2026-07-29,81,EFS,,,,,,0,2026-08-08,,0.0,-44.0,1783236.00,1801068.36,0.23,0.07
539,539,,,,,3824.1,,CFR Karachi,,NAVIOS AZURE,CMA CGM,CMA CGM - KHI,Sea,ISB1974090,,Aliaga,Karachi,,2026-05-09,2026-07-15,2026-07-27,2026-07-29,,2026-07-29,81,EFS,,,,,,0,2026-08-08,,0.0,-44.0,4443600.00,4488036.00,0.23,0.07
540,540,,,,,3824.1,,FCA,,,,,Air,,,,Lahore,,2026-06-19,2026-06-21,,,,2026-06-21,2,EFS,,,,,,0,2026-06-22,,0.0,14.0,2036923.20,2057292.43,0.23,0.07
541,541,,,850.00,274040.00,2530.1,,FOB,,,,,Sea,,,,Karachi,,,,,,,,,,,,,,,0,,,0.0,0.0,274040.00,276780.40,0.23,0.07
542,542,,,396918.00,15876720.00,7214.109,YES,FOB Shanghai,,OOCL LE HARVE,OOCL,MIYAM SHIPPING,Sea,KXSE2606010003,,,Karachi,2026-05-17,2026-06-15,2026-07-02,2026-07-03,,,2026-07-03,18,,,,,,,0,2026-07-10,16.142857142857142,0.0,-29.0,2425360.00,2449613.60,0.02,0.07
543,543,,,,,7214.109,YES,FOB Shanghai,,OOCL LE HARVE,OOCL,MIYAM SHIPPING,Sea,KXSE2606010003,,,Karachi,2026-05-17,2026-06-15,2026-07-02,2026-07-03,,,2026-07-03,18,,,,,,,0,2026-07-10,14.0,0.0,-10.0,12622080.00,12748300.80,0.02,0.07
544,544,,,,,7214.109,YES,FOB Shanghai,,OOCL LE HARVE,OOCL,MIYAM SHIPPING,Sea,KXSE2606010003,,,Karachi,2026-05-17,2026-06-15,2026-07-02,2026-07-03,,,2026-07-03,18,,,,,,,0,2026-07-10,14.0,0.0,-10.0,829280.00,837572.80,0.02,0.07
545,545,,,,,,,,,,,,,HLCUBSC2503AVLB8,,,,,,,,,,,,,2025-05-30 00:00:00,KPPI-HC-65310,,2025-05-31,,,2025-06-05,0.0,0.0,0.0,,,,
546,546,,,,,,,,,,,,,HLCUBSC2504CHOF1,,,,,,,,,,,,,2025-06-18 00:00:00,KPPI-HC-68263,,2025-06-19,,,2025-06-17,0.0,0.0,0.0,,,,
547,547,,,,,,,,,,,,,HLCUBSC2504CHLF5,,,,,,,,,,,,,2025-06-19 00:00:00,KPPI-HC-68429,,2025-06-21,,,2025-06-23,0.0,0.0,0.0,,,,
548,548,,,,,,,,,,,,,HLCUBSC2503CEKB4,,,,,,,,,,,,,2025-06-12 00:00:00,KPPI-HC-67185,,2025-06-14,,,2025-06-24,0.0,0.0,0.0,,,,
549,549,,,,,,,,,,,,,HLCUBSC2504AZHI6,,,,,,,,,,,,,2025-06-12 00:00:00,KPPI-HC-67186,,2025-06-14,,,2025-06-17,0.0,0.0,0.0,,,,
550,550,,,,,7204.29,,CFR Karachi,,,,,Sea,,,,Karachi,,2026-02-10,2026-04-25,2026-04-29,2026-05-04,,2026-05-04,83,,,,,,,0,2026-05-18,,0.0,0.0,7337456.00,7410830.56,0.27,0.07
551,551,B1,,36112.80,1444512.00,7214.109,,FOB Shanghai,,,CNC Line,,Sea,HTHC26033195-02,,Qingdao,Karachi,,2026-04-07,2026-05-02,2026-05-05,,,2026-05-05,28,EFS,2026-05-06 00:00:00,KAPS-HC-189186,,2026-05-07,,1,2026-05-12,14.714285714285714,0.0,8.0,1444512.00,1458957.12,0.02,0.07
552,552,B2,,193006.90,7720276.00,7214.109,,FOB Shanghai,,ZHONG GU HANG ZHOU V.2602W,,,Sea,CNSHAFGD1085,,Shanghai,Karachi,2026-03-11,2026-04-24,2026-05-16,2026-05-17,2026-05-20,2026-05-23,2026-05-23,29,EFS,,,,,,0,2026-06-07,17.571428571428573,0.0,-12.0,2563212.00,2588844.12,0.02,0.07
553,553,B2,,,,7214.109,,FOB Shanghai,,ZHONG GU HANG ZHOU V.2602W,,,Sea,CNSHAFGD1085,,Shanghai,Karachi,2026-03-05,2026-04-24,2026-05-16,2026-05-17,2026-05-20,2026-05-23,2026-05-23,29,EFS,,,,,,0,2026-06-07,18.428571428571427,0.0,-18.0,1375304.00,1389057.04,0.02,0.07
554,554,B2,,,,7214.109,,FOB Shanghai,,ZHONG GU HANG ZHOU V.2602W,,,Sea,CNSHAFGD1085,,Shanghai,Karachi,2026-03-26,2026-04-24,2026-05-16,2026-05-17,2026-05-20,2026-05-23,2026-05-23,29,EFS,,,,,,0,2026-06-07,15.428571428571429,0.0,-1.0,3781760.00,3819577.60,0.02,0.07
555,555,,,47575.70,13387801.98,3801.9,,CFR Karachi,,Hema Bhum,Interasia,Rahmat Shipping,By Sea,A56FX32273,21,Shnaghai,Karachi,2025-09-17,2025-09-24,2025-09-29,,,,2025-09-29,5,AS Corp,,,,,,0,2025-10-09,,0.0,0.0,13387801.98,13521680.00,0.25,0.07
556,556,,,,,3824.1,YES,CFR Karachi,,CMA CGM CENDRILLON,,,Sea,ISB1925996,,Aliaga,Karachi,,2026-03-05,2026-04-16,2026-04-23,2026-04-29,,2026-04-29,55,EFS,2026-04-30 00:00:00,KAPS-FS-186493,,2026-05-04,,4,2026-05-07,0.0,0.0,-24.0,2494848.00,2519796.48,0.22,0.07
557,557,,,,,3824.1,YES,CFR Karachi,,CMA CGM CENDRILLON,,,Sea,ISB1925996,,Aliaga,Karachi,,2026-03-05,2026-04-16,2026-04-23,2026-04-29,,2026-04-29,55,EFS,2026-04-30 00:00:00,KAPS-FS-186493,,2026-05-04,,4,2026-05-07,0.0,0.0,-24.0,2572812.00,2598540.12,0.22,0.07
558,558,,,,,3824.1,YES,CFR Karachi,,CMA CGM CENDRILLON,,,Sea,ISB1925996,,Aliaga,Karachi,,2026-03-05,2026-04-16,2026-04-23,2026-04-29,,2026-04-29,55,EFS,2026-04-30 00:00:00,KAPS-FS-186493,,2026-05-04,,4,2026-05-07,0.0,0.0,-24.0,421005.60,425215.66,0.22,0.07
559,559,,,,,3824.1,YES,CFR Karachi,,CMA CGM CENDRILLON,,,Sea,ISB1925996,,Aliaga,Karachi,,2026-03-05,2026-04-16,2026-04-23,2026-04-29,,2026-04-29,55,EFS,2026-04-30 00:00:00,KAPS-FS-186493,,2026-05-04,,4,2026-05-07,0.0,0.0,-10.0,1021393.37,1031607.30,0.22,0.07
560,560,,,,,3824.1,YES,CFR Karachi,,CMA CGM CENDRILLON,,,Sea,ISB1925996,,Aliaga,Karachi,,2026-03-05,2026-04-16,2026-04-23,2026-04-29,,2026-04-29,55,EFS,2026-04-30 00:00:00,KAPS-FS-186493,,2026-05-04,,4,2026-05-07,0.0,0.0,0.0,160800.75,162408.76,0.22,0.07
561,561,,,,,7204.109,NO,CFR Karachi,,,MSC Shipping,MSC Pakistan,Sea,,,New York,Karachi,,2026-04-29,2026-06-08,2026-06-15,2026-07-01,,2026-07-01,63,MHQ,,,,,,0,2026-07-11,0.0,0.0,0.0,21658045.59,21874626.05,0.31,0.07
562,562,B1,,30454.44,8588151.23,7204.109,,CFR Karachi,,,MSC Shipping,MSC Pakistan,Sea,,,,Karachi,,2026-01-22,2026-03-14,,,,2026-03-14,51,MHQ,2026-03-16 00:00:00,KPPI-HC-54589,,2026-03-17,,1,2026-03-24,,0.0,0.0,8588151.23,8674032.75,0.31,0.07
563,563,B2,,23700.86,6622020.00,7204.109,,CFR Karachi,,,MSC Shipping,MSC Pakistan,Sea,MEDUWN651759,,New York,Karachi,,2026-03-24,2026-04-20,2026-04-27,2026-04-28,,2026-04-28,35,MHQ,,,,,,0,2026-05-05,0.0,0.0,0.0,6622020.00,6688240.20,0.31,0.07
564,564,B4,,15319.77,4320175.70,7204.109,,CFR Karachi,,,MSC Shipping,MSC Pakistan,Sea,,,,Karachi,,2026-03-29,2026-05-02,2026-05-07,2026-05-09,2026-05-10,2026-05-10,42,MHQ,,,,,,0,2026-05-19,,0.0,0.0,4320175.70,4363377.46,0.31,0.07
565,565,B3,,37172.20,10482560.40,7204.109,,CFR Karachi,,,MSC Shipping,MSC Pakistan,Sea,MEDUYK696472,,"Gdynia, Poland",Karachi,,2026-03-24,2026-05-05,2026-05-19,2026-05-23,2026-05-24,2026-05-24,61,MHQ,,,,,,0,2026-06-06,,0.0,0.0,10482560.40,10587386.00,0.31,0.07
566,566,,,15600.00,4399200.00,7202.41,,CFR Karachi,,,,,Sea,,,,Karachi,,,,,,,,0,EFS,,,,,,0,,,0.0,,,,,
567,567,,,16632.00,4653633.60,3824.1,,CFR Karachi,,,,,Sea,,,,Karachi,,2026-01-25,2026-02-21,,,,2026-02-21,,EFS,2026-02-23 00:00:00,KAPS-HC-146576,,2026-02-24,,1,2026-02-27,,0.0,-35.0,4653633.60,4700169.94,0.23,0.07
568,568,,,,,7222.4,,FOB Shanghai,,,,,Sea,JHN26030189,,Shanghai,Karachi,,2026-04-01,2026-04-18,2026-04-20,,,2026-04-20,19,EFS,2026-04-20 00:00:00,KAPE-HC-65052,,2026-04-24,,4,2026-04-30,18.428571428571427,0.0,-84.0,479132.92,483924.25,0.26,0.07
569,569,,,,,8459.412,,FOB,,,,,Sea,,,,Karachi,,2026-03-18,2026-04-04,2026-04-07,2026-04-08,2026-04-10,2026-04-10,23,EFS,,,,,,0,2026-04-18,0.0,0.0,0.0,48936640.00,49426006.40,0.02,0.07
570,570,,,,,7201.1,,Ex Work,,,,,Air,,,,Lahore,,,,,,,,,,,,,,,0,,,0.0,0.0,60000.00,60600.00,0.23,0.07
571,571,,,3575.00,1002966.25,3824.1,EFS,FOB Qingdao,,,,,Sea,WTAOKHI26016524,,QINGDAO,Karachi,,2026-01-10,2026-01-30,2026-02-07,,,2026-02-07,28,EFS,2026-02-09 00:00:00,KAPW-HC-147185,,2026-02-12,,3,2026-02-20,,0.0,1.0,1002966.25,1012995.91,0.23,0.07
572,572,,,2250.00,734400.00,6903.901,,FOB Izmir,,GFS PRIDE,,MEPL International Pakistan,Sea,JIEXP-0057146,,Aliaga,Karachi,,2025-12-28,2026-02-06,2026-02-12,2026-02-16,2026-02-22,2026-02-22,56,EFS,2026-02-23 00:00:00,KAPW-HC-157134,,2026-03-02,,7,2026-03-09,,0.0,-16.0,734400.00,741744.00,0.26,0.07
573,573,,,4037.69,1133783.35,8501.1,,FCA Shanghai,,,,,Air,784-41853744,,Shanghai,Lahore,2025-12-10,2025-12-22,2025-12-27,,,,2025-12-27,5,EFS,2025-12-30 00:00:00,LPAF-HC-48677,,2026-01-05,,6,2025-12-29,,0.0,0.0,149040.22,150530.62,0.26,0.07
574,574,,,,,8501.1,,FCA Shanghai,,,,,Air,784-41853744,,Shanghai,Lahore,2025-12-10,2025-12-22,2025-12-27,,,,2025-12-27,5,EFS,2025-12-30 00:00:00,LPAF-HC-48677,,2026-01-05,,6,2025-12-29,,0.0,0.0,196992.43,198962.36,0.26,0.07
575,575,,,,,8504.409,,FCA Shanghai,,,,,Air,784-41853744,,Shanghai,Lahore,2025-12-10,2025-12-22,2025-12-27,,,,2025-12-27,5,EFS,2025-12-30 00:00:00,LPAF-HC-48677,,2026-01-05,,6,2025-12-29,,0.0,0.0,318814.70,322002.85,0.33,0.07
576,576,,,,,8537.109,,FCA Shanghai,,,,,Air,784-41853744,,Shanghai,Lahore,2025-12-10,2025-12-22,2025-12-27,,,,2025-12-27,5,EFS,2025-12-30 00:00:00,LPAF-HC-48677,,2026-01-05,,6,2025-12-29,,0.0,0.0,29484.00,29778.84,0.50,0.07
577,577,,,,,8537.109,,FCA Shanghai,,,,,Air,784-41853744,,Shanghai,Lahore,2025-12-10,2025-12-22,2025-12-27,,,,2025-12-27,5,EFS,2025-12-30 00:00:00,LPAF-HC-48677,,2026-01-05,,6,2025-12-29,,0.0,0.0,439452.00,443846.52,0.50,0.07
578,578,,,,,5402.51,,FCA Shanghai,,,China Southern,,Air,AOFCTU6609,,Pudong,Lahore,2025-12-15,2025-12-18,2025-12-20,,,,2025-12-20,2,EFS,2025-12-22 00:00:00,LPAF-HC-46870,,2025-12-23,,1,2025-12-22,,0.0,0.0,187148.00,189019.48,0.23,0.07
579,579,,,,,5402.51,,FCA Shanghai,,,China Southern,,Air,AOFCTU6609,,Pudong,Lahore,2025-12-15,2025-12-18,2025-12-20,,,,2025-12-20,2,EFS,2025-12-22 00:00:00,LPAF-HC-46870,,2025-12-23,,1,2025-12-22,,0.0,0.0,84058.00,84898.58,0.23,0.07
580,580,,,,,5402.51,,FCA Shanghai,,,China Southern,,Air,AOFCTU6609,,Pudong,Lahore,2025-12-15,2025-12-18,2025-12-20,,,,2025-12-20,2,EFS,2025-12-22 00:00:00,LPAF-HC-46870,,2025-12-23,,1,2025-12-22,,0.0,0.0,155428.00,156982.28,0.23,0.07
581,581,,,,,7326.909,,FOB,,OOCL NAGOYA,,Facility Shipping,By Sea,SHKHI25243978,,Shanghai,Karachi,2025-11-20,2025-12-01,2025-12-19,2025-12-22,,,2025-12-22,21,EFS,2025-12-22 00:00:00,KAPW-HC-113484,,2025-12-27,,5,2026-01-05,0.0,0.0,0.0,1667986.52,1684666.38,0.26,0.07
582,582,,,3628.00,1020012.20,8418.699,,FOB-LCL,,,,Freight Hub,By Sea,JHN25110554,,Shanghai,Karachi,2025-11-13,2025-12-01,2025-12-22,,,,2025-12-22,21,EFS,2025-12-22 00:00:00,KAPE-HC-42150,Green,2025-12-24,,2,2026-01-05,0.0,0.0,0.0,829392.50,837686.42,0.80,0.07
583,583,,,,,8418.699,,FOB-LCL,,,,Freight Hub,By Sea,JHN25110554,,Shanghai,Karachi,2025-11-13,2025-12-01,2025-12-22,,,,2025-12-22,21,EFS,2025-12-22 00:00:00,KAPE-HC-42150,Green,2025-12-24,,2,2026-01-05,0.0,0.0,0.0,190619.70,192525.90,0.80,0.07
584,584,,,,,8466.1,,CPT-Lahore,,,,UPS,By  Air,1Z33W2606793105300,,Shnaghai,Lahore,2025-10-23,2025-10-29,2025-10-31,2025-11-03,,,2025-11-03,5,EFS,2025-11-04 00:00:00,LPFI-HC-20327,Green,2025-11-05,,1,2025-11-05,,0.0,0.0,489354.60,494248.15,0.24,0.07
585,585,,,,,8208.1,NO,EX-WORK,SINOTECH LOGISTICS,,China Southern,SINOTECH LOGISTICS,By Air,SA251005266,3,PUDONG,Lahore,2025-10-25,2025-10-25,2025-10-28,,,,2025-10-28,3,EFS,2025-10-28 00:00:00,LPAF-HC-35662,Green,2025-10-29,,1,2025-10-29,0.0,0.0,0.0,1391705.20,1405622.25,0.29,0.07
586,586,,,,,5402.51,NO,FCA,BROCO,2025-01-25 00:00:00,Sinotech,Broco - LHR,By Air,78475261664,,Shanghai,Karachi-port,2025-01-10,,,,,,,,Eastern,,,Green,2025-08-01,,,2025-08-04,0.0,0.0,0.0,,,,
587,587,,,,,5402.51,NO,FCA,BROCO,2025-01-25 00:00:00,Sinotech,Broco - LHR,By Air,78475261664,,Shanghai,Karachi-port,2025-01-10,,,,,,,,Eastern,,,Green,2025-08-01,,,2025-08-04,0.0,0.0,0.0,,,,
588,588,,,,,8331.3,,FOB,,,,,Air,CY2605179/784-83932936,,Guangzhou,Lahore,2026-05-14,2026-05-25,2026-05-26,,,,2026-05-26,1,EFS,2026-06-02 00:00:00,LPAF-HC-84523,,2026-06-04,,2,2026-06-04,,0.0,0.0,159748.50,161345.99,0.48,0.07
589,589,,,,,8331.3,,FOB,,,,,Air,,,,Lahore,2026-05-14,2026-05-25,2026-05-26,,,,2026-05-26,,EFS,2026-06-02 00:00:00,LPAF-HC-84523,,2026-06-04,,2,2026-06-04,,0.0,0.0,21988.25,22208.13,0.48,0.07
590,590,,,3548.16,991355.90,6903.901,NO,FOB Qingdao,,KMTC Manila,,,Sea,QDWJ26051431,,Qingdao,Karachi,2026-04-25,2026-05-25,2026-06-22,2026-06-24,2026-07-02,,2026-07-02,38,EFS,,,,,,0,2026-07-12,,0.0,-17.0,991355.90,1001269.46,0.25,0.07
591,591,,,,,9031.8,,CPT Lahore,,,,,Air,,,,Lahore,,2026-04-21,2026-04-27,2026-04-30,,,2026-04-30,9,,,,,,,0,2026-05-04,,0.0,28.0,335100.00,338451.00,0.25,0.07
592,592,,,3231.73,903268.88,6903.901,,CFR Karachi,,XIN CHANG SHU 102W,,,Sea,CMSQD26050026,,Qingdao,Karachi,,2026-05-11,2026-05-28,2026-06-01,2026-06-08,2026-06-09,2026-06-09,29,,,,,,,0,2026-06-21,,0.0,0.0,15652.00,15808.52,0.23,0.07
593,593,,,,,6903.901,,CFR Karachi,,XIN CHANG SHU 102W,,,Sea,CMSQD26050026,,Qingdao,Karachi,,2026-05-11,2026-05-28,2026-06-01,2026-06-08,2026-06-09,2026-06-09,29,,,,,,,0,2026-06-21,,0.0,0.0,8189.35,8271.24,0.23,0.07
594,594,,,,,6903.901,,CFR Karachi,,XIN CHANG SHU 102W,,,Sea,CMSQD26050026,,Qingdao,Karachi,,2026-05-11,2026-05-28,2026-06-01,2026-06-08,2026-06-09,2026-06-09,29,,,,,,,0,2026-06-21,,0.0,0.0,4947.15,4996.62,0.23,0.07
595,595,,,,,6903.901,,CFR Karachi,,XIN CHANG SHU 102W,,,Sea,CMSQD26050026,,Qingdao,Karachi,,2026-05-11,2026-05-28,2026-06-01,2026-06-08,2026-06-09,2026-06-09,29,,,,,,,0,2026-06-21,,0.0,0.0,2152.15,2173.67,0.23,0.07
596,596,,,,,6903.901,,CFR Karachi,,XIN CHANG SHU 102W,,,Sea,CMSQD26050026,,Qingdao,Karachi,,2026-05-11,2026-05-28,2026-06-01,2026-06-08,2026-06-09,2026-06-09,29,,,,,,,0,2026-06-21,,0.0,0.0,503.10,508.13,0.23,0.07
597,597,,,,,6903.901,,CFR Karachi,,XIN CHANG SHU 102W,,,Sea,CMSQD26050026,,Qingdao,Karachi,,2026-05-11,2026-05-28,2026-06-01,2026-06-08,2026-06-09,2026-06-09,29,,,,,,,0,2026-06-21,,0.0,0.0,726.70,733.97,0.23,0.07
598,598,,,,,6903.901,,CFR Karachi,,XIN CHANG SHU 102W,,,Sea,CMSQD26050026,,Qingdao,Karachi,,2026-05-11,2026-05-28,2026-06-01,2026-06-08,2026-06-09,2026-06-09,29,,,,,,,0,2026-06-21,,0.0,0.0,1285.70,1298.56,0.23,0.07
599,599,,,,,6903.901,,CFR Karachi,,XIN CHANG SHU 102W,,,Sea,CMSQD26050026,,Qingdao,Karachi,,2026-05-11,2026-05-28,2026-06-01,2026-06-08,2026-06-09,2026-06-09,29,,,,,,,0,2026-06-21,,0.0,0.0,2934.75,2964.10,0.23,0.07
600,600,,,,,6903.901,,CFR Karachi,,XIN CHANG SHU 102W,,,Sea,CMSQD26050026,,Qingdao,Karachi,,2026-05-11,2026-05-28,2026-06-01,2026-06-08,2026-06-09,2026-06-09,29,,,,,,,0,2026-06-21,,0.0,0.0,4723.55,4770.79,0.23,0.07
601,601,,,,,6903.901,,CFR Karachi,,XIN CHANG SHU 102W,,,Sea,CMSQD26050026,,Qingdao,Karachi,,2026-05-11,2026-05-28,2026-06-01,2026-06-08,2026-06-09,2026-06-09,29,,,,,,,0,2026-06-21,,0.0,0.0,7798.05,7876.03,0.23,0.07
602,602,,,,,6903.901,,CFR Karachi,,XIN CHANG SHU 102W,,,Sea,CMSQD26050026,,Qingdao,Karachi,,2026-05-11,2026-05-28,2026-06-01,2026-06-08,2026-06-09,2026-06-09,29,,,,,,,0,2026-06-21,,0.0,0.0,7770.10,7847.80,0.23,0.07
603,603,,,,,6903.901,,CFR Karachi,,XIN CHANG SHU 102W,,,Sea,CMSQD26050026,,Qingdao,Karachi,,2026-05-11,2026-05-28,2026-06-01,2026-06-08,2026-06-09,2026-06-09,29,,,,,,,0,2026-06-21,,0.0,0.0,11347.70,11461.18,0.23,0.07
604,604,,,,,6903.901,,CFR Karachi,,XIN CHANG SHU 102W,,,Sea,CMSQD26050026,,Qingdao,Karachi,,2026-05-11,2026-05-28,2026-06-01,2026-06-08,2026-06-09,2026-06-09,29,,,,,,,0,2026-06-21,,0.0,0.0,14002.95,14142.98,0.23,0.07
605,605,,,,,6903.901,,CFR Karachi,,XIN CHANG SHU 102W,,,Sea,CMSQD26050026,,Qingdao,Karachi,,2026-05-11,2026-05-28,2026-06-01,2026-06-08,2026-06-09,2026-06-09,29,,,,,,,0,2026-06-21,,0.0,0.0,18754.45,18941.99,0.23,0.07
606,606,,,,,6903.901,,CFR Karachi,,XIN CHANG SHU 102W,,,Sea,CMSQD26050026,,Qingdao,Karachi,,2026-05-11,2026-05-28,2026-06-01,2026-06-08,2026-06-09,2026-06-09,29,,,,,,,0,2026-06-21,,0.0,0.0,13653.57,13790.11,0.23,0.07
607,607,,,,,6903.901,,CFR Karachi,,XIN CHANG SHU 102W,,,Sea,CMSQD26050026,,Qingdao,Karachi,,2026-05-11,2026-05-28,2026-06-01,2026-06-08,2026-06-09,2026-06-09,29,,,,,,,0,2026-06-21,,0.0,0.0,18265.32,18447.98,0.23,0.07
608,608,,,,,6903.901,,CFR Karachi,,XIN CHANG SHU 102W,,,Sea,CMSQD26050026,,Qingdao,Karachi,,2026-05-11,2026-05-28,2026-06-01,2026-06-08,2026-06-09,2026-06-09,29,,,,,,,0,2026-06-21,,0.0,0.0,27027.65,27297.93,0.23,0.07
609,609,,,,,6903.901,,CFR Karachi,,XIN CHANG SHU 102W,,,Sea,CMSQD26050026,,Qingdao,Karachi,,2026-05-11,2026-05-28,2026-06-01,2026-06-08,2026-06-09,2026-06-09,29,,,,,,,0,2026-06-21,,0.0,0.0,3437.85,3472.23,0.23,0.07
610,610,,,,,6903.901,,CFR Karachi,,XIN CHANG SHU 102W,,,Sea,CMSQD26050026,,Qingdao,Karachi,,2026-05-11,2026-05-28,2026-06-01,2026-06-08,2026-06-09,2026-06-09,29,,,,,,,0,2026-06-21,,0.0,0.0,9195.55,9287.51,0.23,0.07
611,611,,,,,6903.901,,CFR Karachi,,XIN CHANG SHU 102W,,,Sea,CMSQD26050026,,Qingdao,Karachi,,2026-05-11,2026-05-28,2026-06-01,2026-06-08,2026-06-09,2026-06-09,29,,,,,,,0,2026-06-21,,0.0,0.0,10145.85,10247.31,0.23,0.07
612,612,,,,,3816.0,,CFR Karachi,,XIN CHANG SHU 102W,,,Sea,CMSQD26050026,,Qingdao,Karachi,,2026-05-11,2026-05-28,2026-06-01,2026-06-08,2026-06-09,2026-06-09,29,,,,,,,0,2026-06-21,,0.0,0.0,308417.07,311501.24,0.23,0.07
613,613,,,,,3824.1,,CFR Karachi,,XIN CHANG SHU 102W,,,Sea,CMSQD26050026,,Qingdao,Karachi,,2026-05-11,2026-05-28,2026-06-01,2026-06-08,2026-06-09,2026-06-09,29,,,,,,,0,2026-06-21,,0.0,0.0,258537.50,261122.88,0.23,0.07
614,614,,,,,3824.1,,CFR Karachi,,XIN CHANG SHU 102W,,,Sea,CMSQD26050026,,Qingdao,Karachi,,2026-05-11,2026-05-28,2026-06-01,2026-06-08,2026-06-09,2026-06-09,29,,,,,,,0,2026-06-21,,0.0,0.0,6287.70,6350.58,0.23,0.07
615,615,,,,,3824.1,,CFR Karachi,,XIN CHANG SHU 102W,,,Sea,CMSQD26050026,,Qingdao,Karachi,,2026-05-11,2026-05-28,2026-06-01,2026-06-08,2026-06-09,2026-06-09,29,,,,,,,0,2026-06-21,,0.0,0.0,52196.63,52718.59,0.23,0.07
616,616,,,,,3824.1,,CFR Karachi,,XIN CHANG SHU 102W,,,Sea,CMSQD26050026,,Qingdao,Karachi,,2026-05-11,2026-05-28,2026-06-01,2026-06-08,2026-06-09,2026-06-09,29,,,,,,,0,2026-06-21,,0.0,0.0,56424.06,56988.30,0.23,0.07
617,617,,,,,3824.1,,CFR Karachi,,XIN CHANG SHU 102W,,,Sea,CMSQD26050026,,Qingdao,Karachi,,2026-05-11,2026-05-28,2026-06-01,2026-06-08,2026-06-09,2026-06-09,29,,,,,,,0,2026-06-21,,0.0,0.0,0.00,0.00,0.23,0.07
618,618,,,,,3824.1,,CFR Karachi,,XIN CHANG SHU 102W,,,Sea,CMSQD26050026,,Qingdao,Karachi,,2026-05-11,2026-05-28,2026-06-01,2026-06-08,2026-06-09,2026-06-09,29,,,,,,,0,2026-06-21,,0.0,0.0,20361.58,20565.19,0.23,0.07
619,619,,,,,3824.1,,CFR Karachi,,XIN CHANG SHU 102W,,,Sea,CMSQD26050026,,Qingdao,Karachi,,2026-05-11,2026-05-28,2026-06-01,2026-06-08,2026-06-09,2026-06-09,29,,,,,,,0,2026-06-21,,0.0,0.0,18530.85,18716.16,0.23,0.07
620,620,,,1875.00,523687.50,7205.1,,FOB,,TS Kelang/2601W,,,Sea,QDGKHI6288608V,,Qingdao,Karachi,,2026-04-12,2026-05-09,,,,2026-05-09,27,EFS,2026-05-11 00:00:00,KAPE-HC-67679,,2026-05-15,,4,2026-05-20,,0.0,4.0,523687.50,528924.38,0.23,0.07
621,621,,,2310.00,645183.00,6903.901,,FOB,,OOCL Nagoya,VanGuard,Quick Freight,Sea,SHGKHI6302366V,,Shanghai,Karachi,,2026-04-16,2026-05-02,,,,2026-05-02,16,EFS,2026-05-04 00:00:00,KAPW-HC-194095,,2026-05-06,,2,2026-05-12,,0.0,0.0,393813.00,397751.13,0.25,0.07
622,622,,,,,6903.901,,FOB,,OOCL Nagoya,VanGuard,Quick Freight,Sea,SHGKHI6302366V,,Shanghai,Karachi,,2026-04-16,2026-05-02,,,,2026-05-02,16,EFS,2026-05-04 00:00:00,KAPW-HC-194095,,2026-05-06,,2,2026-05-12,,0.0,0.0,251370.00,253883.70,0.25,0.07
623,623,,,,,7208.519,NO,FOB,,,,,By Sea,,,,Karachi,,2026-05-21,2026-06-07,2026-06-10,2026-06-12,,2026-06-12,22,,,,,,,0,2026-06-23,,0.0,-67.0,954616.60,964162.77,0.26,0.07
624,624,,,,,2530.1,,FOB Izmir,,,,CAGOFY LOGISTICS,Sea,26IST5550571,,Aliaga,Karachi,,2026-03-13,2026-03-31,,,,2026-03-31,18,EFS,2026-03-31 00:00:00,KAPW-HC-177724,,2026-04-04,,4,2026-04-14,0.0,0.0,-22.0,245625.00,248081.25,0.23,0.07
625,625,,,,,7202.11,,CFR Karachi,,Melbourne Bridge,TS Lines,,Sea,380610012489,,,Karachi,,2026-04-19,2026-05-10,2026-05-22,2026-05-24,,2026-05-24,35,EFS,,,,,,0,2026-06-08,,0.0,3.0,6638024.25,6704404.49,0.23,0.07
626,626,,,17464.35,4924947.26,6903.901,,CFR Karachi,,,TS Lines,Sharaf Shipping,Sea,799610180959,,Qingdao,Karachi,,2026-04-13,2026-05-09,2026-05-11,,,2026-05-11,28,,2026-05-12 00:00:00,KAPS-HC-192196,,2026-05-13,,1,2026-05-18,,0.0,6.0,3219727.10,3251924.38,0.26,0.07
627,627,,,,,6903.901,,CFR Karachi,,,TS Lines,Sharaf Shipping,Sea,799610180959,,Qingdao,Karachi,,2026-04-13,2026-05-09,2026-05-11,,,2026-05-11,28,,2026-05-12 00:00:00,KAPS-HC-192196,,2026-05-13,,1,2026-05-18,,0.0,-8.0,744434.88,751879.23,0.26,0.07
628,628,,,,,6903.901,,CFR Karachi,,,TS Lines,Sharaf Shipping,Sea,799610180959,,Qingdao,Karachi,,2026-04-13,2026-05-09,2026-05-11,,,2026-05-11,28,,2026-05-12 00:00:00,KAPS-HC-192196,,2026-05-13,,1,2026-05-18,,0.0,6.0,960785.28,970393.13,0.26,0.07
629,629,,,25015.50,6989330.70,7202.49,YES,CFR Karachi,,,,,Sea,GLSSKHI260008,,Busan,Karachi,,2026-04-03,2026-04-25,2026-04-29,2026-05-04,2026-05-10,2026-05-10,37,EFS,2026-05-11 00:00:00,KAPW-FS-198720,,2026-05-14,,3,2026-05-20,,0.0,4.0,6989330.70,7059224.01,0.20,0.07
630,630,,,26919.42,7521285.95,3824.1,YES,CFR Karachi,,,TS Lines,Sharaf Shipping,Sea,799610134310,,Qingdao,Karachi,,2026-03-23,2026-04-14,2026-04-14,2026-04-20,2026-04-23,2026-04-23,31,,2026-04-23 00:00:00,KAPS-FS-182279,,2026-04-24,,1,2026-04-28,,0.0,-15.0,2539746.00,2565143.46,0.22,0.07
631,631,,,,,3824.1,YES,CFR Karachi,,,TS Lines,Sharaf Shipping,Sea,799610134310,,Qingdao,Karachi,,2026-03-23,2026-04-14,2026-04-14,2026-04-20,2026-04-23,2026-04-23,31,,2026-04-23 00:00:00,KAPS-FS-182279,,2026-04-24,,1,2026-04-28,,0.0,-15.0,1021044.95,1031255.40,0.22,0.07
632,632,,,,,3824.1,YES,CFR Karachi,,,TS Lines,Sharaf Shipping,Sea,799610134310,,Qingdao,Karachi,,2026-03-23,2026-04-14,2026-04-14,2026-04-20,2026-04-23,2026-04-23,31,,2026-04-23 00:00:00,KAPS-FS-182279,,2026-04-24,,1,2026-04-28,,0.0,-1.0,3960495.00,4000099.95,0.22,0.07
633,633,,,81239.98,3326777.18,6903.901,,CFR Karachi,,OOCL LE HARVE,Yang Ming,,Sea,YMJAS237026038,,Shanghai,Karachi,2026-03-18,2026-03-22,2026-04-11,,,,2026-04-11,20,EFS,2026-04-13 00:00:00,KAPW-HC-183831,,2026-04-14,,1,2026-04-18,0.0,0.0,9.0,108697.68,109784.66,0.22,0.07
634,634,,,,,6903.901,,CFR Karachi,,OOCL LE HARVE,Yang Ming,,Sea,YMJAS237026038,,Shanghai,Karachi,2026-03-18,2026-03-22,2026-04-11,,,,2026-04-11,20,EFS,2026-04-13 00:00:00,KAPW-HC-183831,,2026-04-14,,1,2026-04-18,0.0,0.0,9.0,710748.68,717856.16,0.22,0.07
635,635,,,,,6903.901,,CFR Karachi,,OOCL LE HARVE,Yang Ming,,Sea,YMJAS237026038,,Shanghai,Karachi,2026-03-18,2026-03-22,2026-04-11,,,,2026-04-11,20,EFS,2026-04-13 00:00:00,KAPW-HC-183831,,2026-04-14,,1,2026-04-18,0.0,0.0,9.0,446314.05,450777.19,0.22,0.07
636,636,,,,,6903.901,,CFR Karachi,,OOCL LE HARVE,Yang Ming,,Sea,YMJAS237026038,,Shanghai,Karachi,2026-03-18,2026-03-22,2026-04-11,,,,2026-04-11,20,EFS,2026-04-13 00:00:00,KAPW-HC-183831,,2026-04-14,,1,2026-04-18,0.0,0.0,9.0,144815.58,146263.74,0.22,0.07
637,637,,,,,6903.901,,CFR Karachi,,OOCL LE HARVE,Yang Ming,,Sea,YMJAS237026038,,Shanghai,Karachi,2026-03-18,2026-03-22,2026-04-11,,,,2026-04-11,20,EFS,2026-04-13 00:00:00,KAPW-HC-183831,,2026-04-14,,1,2026-04-18,0.0,0.0,9.0,185159.52,187011.12,0.22,0.07
638,638,,,,,6903.901,,CFR Karachi,,OOCL LE HARVE,Yang Ming,,Sea,YMJAS237026038,,Shanghai,Karachi,2026-03-18,2026-03-22,2026-04-11,,,,2026-04-11,20,EFS,2026-04-13 00:00:00,KAPW-HC-183831,,2026-04-14,,1,2026-04-18,0.0,0.0,9.0,881244.00,890056.44,0.22,0.07
639,639,,,,,6903.901,,CFR Karachi,,OOCL LE HARVE,Yang Ming,,Sea,YMJAS237026038,,Shanghai,Karachi,2026-03-18,2026-03-22,2026-04-11,,,,2026-04-11,20,EFS,2026-04-13 00:00:00,KAPW-HC-183831,,2026-04-14,,1,2026-04-18,0.0,0.0,9.0,798692.08,806679.00,0.22,0.07
640,640,,,,,6903.901,,CFR Karachi,,OOCL LE HARVE,Yang Ming,,Sea,YMJAS237026038,,Shanghai,Karachi,2026-03-18,2026-03-22,2026-04-11,,,,2026-04-11,20,EFS,2026-04-13 00:00:00,KAPW-HC-183831,,2026-04-14,,1,2026-04-18,0.0,0.0,9.0,51105.60,51616.66,0.22,0.07
641,641,,,32700.00,9221400.00,7202.7,,CFR Karachi,,KMTC Chennai,,Dynamic Shipping,Sea,GLSSKHI2602002,,Busan,Karachi,,2026-01-30,2026-02-27,2026-02-28,,,2026-02-28,,EFS,2026-03-02 00:00:00,KAPW-HC-161910,,2026-03-02,,0,2026-03-19,,0.0,4.0,9221400.00,9313614.00,0.23,0.07
642,642,,,18375.00,5181750.00,7405.0,,FOB-Busan,,BELAWAN,,FREIGHT HUB,By Sea,FBSIN251529,,Busan,Karachi,2025-12-10,2025-12-24,2026-01-17,2026-01-29,,,2026-01-29,36,EFS,,,,,,0,2026-02-10,,0.0,0.0,5181750.00,5233567.50,0.23,0.07
643,643,,,28461.78,7997760.18,2610.0,NO,CFR,,,MSC,MSC Pakistan,Sea,MEDUW5194289,,Durban,Karachi,,2026-06-15,2026-07-01,,,,2026-07-01,16,EFS,,,,,,0,2026-07-11,,0.0,32.0,3998880.09,4038868.89,0.23,0.07
644,644,,,,,2610.0,NO,CFR,,,MSC,MSC Pakistan,Sea,MEDUW5194289,,Durban,Karachi,,2026-06-15,2026-07-01,,,,2026-07-01,16,EFS,,,,,,0,2026-07-11,,0.0,17.0,3998880.09,4038868.89,0.23,0.07
645,645,,,5400.00,1509840.00,7318.159,NO,FCA,,,,,Air,,,,Lahore,2026-06-15,2026-06-30,2026-07-01,2026-07-02,,,2026-07-02,2,EFS,,,,,,0,2026-07-03,,0.0,18.0,1509840.00,1524938.40,0.70,0.07
646,646,,,6244.00,2048656.40,3816.0,,CFR Karachi,,,,,Sea,GDYKHI262601,,,Karachi,,2026-07-10,2026-08-20,,,,2026-08-20,41,EFS,,,,,,0,2026-08-30,,0.0,-98.0,2048656.40,2069142.96,0.23,0.07
647,647,,,14200.00,3962510.00,8111.0,NO,CFR Karachi,,,,,Sea,JTN2601120,,Guangzhou,Karachi,,2026-04-30,2026-05-24,,,,2026-05-24,,,2026-05-25 00:00:00,KAPW-HC-206523,,2026-06-04,,10,2026-06-08,,0.0,17.0,3962510.00,4002135.10,0.23,0.07
648,648,,,20573.06,5741941.05,8482.3,,CFR Karachi,,,,,Sea,,,,Karachi,2026-07-17,2026-07-24,2026-09-22,,,,2026-09-22,,,,,,,,0,2026-10-02,,0.0,-99.0,2006553.17,2026618.70,0.33,0.07
649,649,,,,,8482.3,,CFR Karachi,,,,,Sea,,,,Karachi,2026-07-17,2026-07-24,2026-09-22,,,,2026-09-22,,,,,,,,0,2026-10-02,,0.0,-99.0,2955652.25,2985208.78,0.33,0.07
650,650,,,,,8482.999,,CFR Karachi,,,,,Sea,,,,Karachi,2026-09-04,2026-09-11,2026-11-10,,,,2026-11-10,,,,,,,,0,2026-11-20,,0.0,-148.0,779735.63,787532.98,0.23,0.07
651,651,,,14229.13,3971350.07,2610.0,,CFR Karachi,,MSC VILDA X,MSC,,Sea,MEDUW5142429,,Durban,Karachi,,2026-04-24,2026-06-06,2026-06-12,2026-06-15,,2026-06-15,52,EFS,,,,,,0,2026-06-25,,0.0,1.0,3971350.07,4011063.57,0.23,0.07
652,652,,,172180.00,7111034.00,5609.0,NO,FOB Shanghai,,,,,Sea,HWKHI2600960,,Shanghai,Karachi,2026-05-15,2026-05-28,2026-06-19,2026-06-27,2026-07-02,2026-07-05,2026-07-05,,,,,,,,0,2026-07-15,,0.0,0.0,2312800.00,2335928.00,0.35,0.07
653,653,,,,,5609.0,NO,FOB Shanghai,,,,,Sea,HWKHI2600960,,Shanghai,Karachi,2026-05-15,2026-05-28,2026-06-19,2026-06-27,2026-07-02,2026-07-05,2026-07-05,,,,,,,,0,2026-07-15,,0.0,0.0,821044.00,829254.44,0.35,0.07
654,654,,,,,5609.0,NO,FOB Shanghai,,,,,Sea,HWKHI2600960,,Shanghai,Karachi,2026-05-15,2026-05-28,2026-06-19,2026-06-27,2026-07-02,2026-07-05,2026-07-05,,,,,,,,0,2026-07-15,,0.0,0.0,1123360.00,1134593.60,0.35,0.07
655,655,,,,,5609.0,NO,FOB Shanghai,,,,,Sea,HWKHI2600960,,Shanghai,Karachi,2026-05-15,2026-05-28,2026-06-19,2026-06-27,2026-07-02,2026-07-05,2026-07-05,,,,,,,,0,2026-07-15,,0.0,0.0,398958.00,402947.58,0.35,0.07
656,656,,,,,5609.0,NO,FOB Shanghai,,,,,Sea,HWKHI2600960,,Shanghai,Karachi,2026-05-15,2026-05-28,2026-06-19,2026-06-27,2026-07-02,2026-07-05,2026-07-05,,,,,,,,0,2026-07-15,,0.0,0.0,1784160.00,1802001.60,0.35,0.07
657,657,,,,,5609.0,NO,FOB Shanghai,,,,,Sea,HWKHI2600960,,Shanghai,Karachi,2026-05-15,2026-05-28,2026-06-19,2026-06-27,2026-07-02,2026-07-05,2026-07-05,,,,,,,,0,2026-07-15,,0.0,0.0,670712.00,677419.12,0.35,0.07
658,658,,,14265.00,3989920.50,2610.0,,CFR Karachi,,MSC ESTHI,MSC,,Sea,MEDUW5127560,,Durban,Karachi,,2026-04-16,2026-05-24,2026-05-28,2026-06-04,,2026-06-04,49,EFS,,,,,,0,2026-06-18,16.142857142857142,0.0,-24.0,3989920.50,4029819.71,0.23,0.07
659,659,,,10500.00,2936850.00,8480.49,,FOB,,,,,Sea,,,,Karachi,2026-07-06,2026-07-09,2026-07-31,,,,2026-07-31,22,EFS,,,,,,0,2026-08-10,24.428571428571427,0.0,-82.0,2936850.00,2966218.50,0.23,0.07
660,660,,,5780.00,1616666.00,6903.901,,CPT Lahore,,,,,Air,SF0223992781706/78483508320,,Guangzhou,Lahore,2026-04-20,2026-04-21,2026-04-27,,,,2026-04-27,6,,2026-04-28 00:00:00,LPAF-HC-76105,,2026-04-29,,1,2026-04-29,0.0,0.0,0.0,955175.50,964727.26,0.25,0.07
661,661,,,,,6903.901,,CPT Lahore,,,,,Air,SF0223992781706/78483508320,,Guangzhou,Lahore,2026-04-20,2026-04-21,2026-04-27,,,,2026-04-27,6,,2026-04-28 00:00:00,LPAF-HC-76105,,2026-04-29,,1,2026-04-29,0.0,0.0,0.0,661490.50,668105.41,0.25,0.07
662,662,,,7260.00,2030622.00,3816.0,,FOB,,,,,Sea,JOYN2601603,,Shanghai,Karachi,2026-04-09,2026-04-29,2026-05-13,2026-05-15,,,2026-05-15,16,EFS,2026-05-18 00:00:00,KAPW-HC-202220,,2026-05-21,,3,2026-06-01,13.857142857142858,0.0,-8.0,2030622.00,2050928.22,0.25,0.07
663,663,,,12689.94,3549376.22,8501.1,,FOB,,,YTO,,Air,860-05558232/SA260505401,,KUNMING,Lahore,,2026-06-01,2026-06-02,,,,2026-06-02,1,EFS,2026-06-05 00:00:00,LPAF-HC-85469,,2026-06-06,,1,2026-06-05,0.0,0.0,0.0,675486.69,682241.55,0.22,0.07
664,664,,,,,8501.1,,FOB,,,YTO,,Air,860-05558232/SA260505401,,KUNMING,Lahore,,2026-06-01,2026-06-02,,,,2026-06-02,1,EFS,2026-06-05 00:00:00,LPAF-HC-85469,,2026-06-06,,1,2026-06-05,0.0,0.0,0.0,374535.08,378280.43,0.22,0.07
665,665,,,,,8501.1,,FOB,,,YTO,,Air,860-05558232/SA260505401,,KUNMING,Lahore,,2026-06-01,2026-06-02,,,,2026-06-02,1,EFS,2026-06-05 00:00:00,LPAF-HC-85469,,2026-06-06,,1,2026-06-05,0.0,0.0,0.0,298009.16,300989.25,0.22,0.07
666,666,,,,,8504.409,,FOB,,,YTO,,Air,860-05558232/SA260505401,,KUNMING,Lahore,,2026-06-01,2026-06-02,,,,2026-06-02,1,EFS,2026-06-05 00:00:00,LPAF-HC-85469,,2026-06-06,,1,2026-06-05,0.0,0.0,0.0,775071.08,782821.79,0.22,0.07
667,667,,,,,8504.409,,FOB,,,YTO,,Air,860-05558232/SA260505401,,KUNMING,Lahore,,2026-06-01,2026-06-02,,,,2026-06-02,1,EFS,2026-06-05 00:00:00,LPAF-HC-85469,,2026-06-06,,1,2026-06-05,0.0,0.0,0.0,201126.68,203137.94,0.22,0.07
668,668,,,,,8504.409,,FOB,,,YTO,,Air,860-05558232/SA260505401,,KUNMING,Lahore,,2026-06-01,2026-06-02,,,,2026-06-02,1,EFS,2026-06-05 00:00:00,LPAF-HC-85469,,2026-06-06,,1,2026-06-05,0.0,0.0,0.0,220744.83,222952.28,0.22,0.07
669,669,,,,,8537.109,,FOB,,,YTO,,Air,860-05558232/SA260505401,,KUNMING,Lahore,,2026-06-01,2026-06-02,,,,2026-06-02,1,EFS,2026-06-05 00:00:00,LPAF-HC-85469,,2026-06-06,,1,2026-06-05,0.0,0.0,0.0,55800.15,56358.15,0.22,0.07
670,670,,,,,8537.109,,FOB,,,YTO,,Air,860-05558232/SA260505401,,KUNMING,Lahore,,2026-06-01,2026-06-02,,,,2026-06-02,1,EFS,2026-06-05 00:00:00,LPAF-HC-85469,,2026-06-06,,1,2026-06-05,0.0,0.0,0.0,831687.95,840004.83,0.22,0.07
671,671,,,,,8538.909,,FOB,,,YTO,,Air,860-05558232/SA260505401,,KUNMING,Lahore,,2026-06-01,2026-06-02,,,,2026-06-02,1,EFS,2026-06-05 00:00:00,LPAF-HC-85469,,2026-06-06,,1,2026-06-05,0.0,0.0,0.0,116914.60,118083.75,0.22,0.07
672,672,,,275000.00,11233750.00,8202.2,NO,FOB,,,,,Sea,SHSHKHI26042200,,Shanghai,Karachi,,2026-04-16,2026-05-02,,,,2026-05-02,16,EFS,2026-05-04 00:00:00,KAPW-HC-194205,,2026-05-07,,3,2026-05-12,10.857142857142858,0.0,13.0,11233750.00,11346087.50,0.26,0.07
673,673,,,5800.00,1620230.00,3801.1,NO,CFR Karachi,,,,,Sea,,,,Karachi,,2026-05-21,2026-06-12,2026-06-17,2026-06-21,2026-06-24,2026-06-24,34,EFS,,,,,,0,2026-07-08,19.142857142857142,0.0,-45.0,1620230.00,1636432.30,0.23,0.07
674,674,,,6250.00,1762500.00,6804.1,,FOB,,TOR 0126E,AKKON,,Sea,X126320050044,,MARPORT,Karachi,,2026-04-12,2026-04-27,2026-04-28,,,2026-04-28,16,EFS,2026-04-28 00:00:00,KAPW-HC-191422,,2026-05-06,,8,2026-05-12,11.0,0.0,12.0,1762500.00,1780125.00,0.26,0.07
675,675,,,10702.75,3553313.00,9025.9,NO,CPT Lahore,,,,,Air,GOAA69941212/15744815842,,Malpensa,Lahore,,2026-05-31,2026-06-02,,,,2026-06-02,2,,2026-06-05 00:00:00,LPAf-HC-85468,,2026-06-08,,3,2026-06-08,22.428571428571427,0.0,-70.0,3553313.00,3588846.13,0.26,0.07
676,676,,,7205.27,,7219.21,,FOB,,,,,Sea,SHSHKHI26034761,,Shanghai,Karachi,,2026-04-01,2026-04-18,2026-04-20,,,2026-04-20,19,,2026-04-21 00:00:00,KAPW-HC-187885,,2026-04-27,,6,2026-05-09,11.714285714285714,0.0,9.0,896656.32,905622.88,0.22,0.07
677,677,,,,,7219.21,,FOB,,,,,Sea,SHSHKHI26034761,,Shanghai,Karachi,,2026-04-01,2026-04-18,2026-04-20,,,2026-04-20,19,,2026-04-21 00:00:00,KAPW-HC-187885,,2026-04-27,,6,2026-05-09,11.714285714285714,0.0,9.0,1120820.40,1132028.60,0.22,0.07
678,678,,,6023.55,1686594.00,8483.409,YES,FOB,,YM EXPRESS 094W,Cosco,,Sea,JHN26040144,,Shanghai,Karachi,,2026-04-17,2026-05-05,,,,2026-05-05,18,,2026-05-06 00:00:00,KAPE-FS-67045,,2026-05-12,,6,2026-05-20,0.0,0.0,0.0,674637.60,681383.98,0.49,0.07
679,679,,,6023.55,1686594.00,8483.409,YES,FOB,,YM EXPRESS 094W,Cosco,,Sea,JHN26040144,,Shanghai,Karachi,,2026-04-17,2026-05-05,,,,2026-05-05,18,,2026-05-06 00:00:00,KAPE-FS-67045,,2026-05-12,,6,2026-05-20,0.0,0.0,0.0,337318.80,340691.99,0.49,0.07
680,680,,,6023.55,1686594.00,8483.409,YES,FOB,,YM EXPRESS 094W,Cosco,,Sea,JHN26040144,,Shanghai,Karachi,,2026-04-17,2026-05-05,,,,2026-05-05,18,,2026-05-06 00:00:00,KAPE-FS-67045,,2026-05-12,,6,2026-05-20,0.0,0.0,0.0,337318.80,340691.99,0.49,0.07
681,681,,,,,8483.409,YES,FOB,,YM EXPRESS 094W,Cosco,,Sea,JHN26040144,,Shanghai,Karachi,,2026-04-17,2026-05-05,,,,2026-05-05,18,,2026-05-06 00:00:00,KAPE-FS-67045,,2026-05-12,,6,2026-05-20,0.0,0.0,0.0,337318.80,340691.99,0.49,0.07
682,682,,,28531.98,7984674.60,2610.0,,CFR Karachi,,MSC BARBARA,MSC,,Sea,MEDUW5065034,,Durban,Karachi,,2026-02-17,2026-03-13,2026-03-20,2026-03-24,2026-04-09,2026-04-09,51,,2026-04-09 00:00:00,KPPI-HC-57318,,2026-04-10,,1,2026-04-14,13.0,0.0,-1.0,3992337.30,4032260.67,0.22,0.07
683,683,,,,,2610.0,,CFR Karachi,,MSC BARBARA,MSC,,Sea,MEDUW5065034,,Durban,Karachi,,2026-02-17,2026-03-13,2026-03-20,2026-03-24,2026-04-09,2026-04-09,51,,2026-04-09 00:00:00,KPPI-HC-57318,,2026-04-10,,1,2026-04-14,11.0,0.0,13.0,3992337.30,4032260.67,0.22,0.07
684,684,,,31078.00,8763996.00,8466.939,,FCA,,,QAR,,Air,AOF26903767,,Taipei,Lahore,,2026-04-03,2026-04-05,2026-04-06,2026-04-07,,2026-04-07,4,EFS,2026-04-06 00:00:00,LPAF-FS-69694,,2026-04-08,,2,2026-04-08,0.0,0.0,0.0,8763996.00,8851635.96,0.26,0.07
685,685,,,18112.56,5084195.59,7208.909,,CFR Karachi,,,,,Sea,,,,Karachi,,,,,,,,0,,,,,,,0,,,0.0,,5084195.59,5135037.55,0.26,0.07
686,686,,,6070.00,1702635.00,3801.1,,CFR Karachi,,X-Press CARINA,,SHIPCO TRANSPORT PAKISTAn,Sea,SC21KARL3305,,XINGANG,Karachi,,2026-01-16,2026-02-05,2026-02-08,,,2026-02-08,23,EFS,2026-02-09 00:00:00,KAPW-HC-146993,,2026-02-16,,7,2026-02-20,,0.0,1.0,1702635.00,1719661.35,0.23,0.07
687,687,,,16470.00,4623952.50,7201.1,,CFR Karachi,,TS BANGKOK,T.S Lines,TS Lines Pak,By Sea,800610001653,,XINGANG,Karachi,2026-01-05,2026-01-24,2026-02-23,2026-02-24,,,2026-02-24,31,EFS,2026-02-25 00:00:00,KAPS-HC-148690,,2026-02-27,,2,2026-03-04,,0.0,-19.0,4623952.50,4670192.03,0.23,0.07
688,688,,,10666.28,2995091.42,8482.3,,CFR Karachi,,,,,Sea,,,Jebel Ali,Karachi,,2026-04-22,2026-04-24,,,,2026-04-24,2,EFS,,,,,,0,2026-04-29,,0.0,-63.0,2995091.42,3025042.34,0.23,0.07
689,689,,,107900.00,4299815.00,8209.0,,CFR Karachi,,,,,By Sea,,,,Karachi,2026-01-05,2026-01-29,2026-02-20,,,,2026-02-20,22,EFS,2026-02-23 00:00:00,KAPE-HC-56997,,2026-02-28,,5,2026-03-09,,0.0,-19.0,992265.00,1002187.65,0.26,0.07
690,690,,,,,8209.0,,CFR Karachi,,,,,By Sea,,,,Karachi,2026-01-05,2026-01-29,2026-02-20,,,,2026-02-20,22,EFS,2026-02-23 00:00:00,KAPE-HC-56997,,2026-02-28,,5,2026-03-09,,0.0,-19.0,3307550.00,3340625.50,0.26,0.07
691,691,,,25000.00,996250.00,3816.0,No,FOB-LCL,,EVER LIVING,,GLOBAL CONSOLIDATORS PAKISTAN,By Sea,AMIGL250609320A,,Tianjin,Karachi,2025-12-19,2026-01-07,2026-01-31,2026-02-01,2026-02-03,,2026-02-03,27,EFS,2026-02-03 00:00:00,KAPW-HC-143628,,,,-46056,2026-02-20,,0.0,-7.0,239100.00,241491.00,0.24,0.07
692,692,,,,,6811.4,No,FOB-LCL,,EVER LIVING,,GLOBAL CONSOLIDATORS PAKISTAN,By Sea,AMIGL250609320A,,Tianjin,Karachi,2025-12-19,2026-01-07,2026-01-31,2026-02-01,2026-02-03,,2026-02-03,27,EFS,2026-02-03 00:00:00,KAPW-HC-143628,,2026-02-10,,7,2026-02-20,,0.0,-7.0,757150.00,764721.50,0.50,0.07
693,693,,,14589.99,4099787.19,2610.0,No,CFR-FCL,,MSC Sarah V,MSC,,By Sea,MEDUFI689672,,Durban,Karachi,2025-11-30,2025-12-08,2025-12-30,2026-01-05,2026-01-11,,2026-01-11,34,,2026-01-12 00:00:00,KAPS-HC-119932,,2026-01-13,,1,2026-01-20,,0.0,8.0,4099787.19,4140785.06,0.02,0.07
694,694,,,6093.00,1710914.40,3816.002,,FOB-LCL,,WAN HAI 626,,Broco,By Sea,JHN25120283,,Shanghai,Karachi,2025-11-30,2025-12-29,2026-01-22,,,,2026-01-22,24,EFS,2026-01-23 00:00:00,KAPW-HC-136173,,2026-01-27,,4,2026-02-10,,0.0,-18.0,1710914.40,1728023.54,0.04,0.07
695,695,,,,,6903.901,,CFR Karachi,,X-PRESS PHOENIX,,Yaaseen Shipping,By Sea,JJCQDKRA5550323,,Qingdao,Karachi,2025-11-26,2025-12-13,2026-01-07,2026-01-09,2026-01-11,,2026-01-11,29,EFS,2026-01-12 00:00:00,KAPS-HC-119931,,2026-01-13,,1,2026-01-21,,0.0,0.0,412116.00,416237.16,0.25,0.07
696,696,,,,,6903.901,,CFR Karachi,,X-PRESS PHOENIX,,Yaaseen Shipping,By Sea,JJCQDKRA5550323,,Qingdao,Karachi,2025-11-26,2025-12-13,2026-01-07,2026-01-09,2026-01-11,,2026-01-11,29,EFS,2026-01-12 00:00:00,KAPS-HC-119931,,2026-01-13,,1,2026-01-21,,0.0,0.0,264497.40,267142.37,0.25,0.07
697,697,,,,,6903.901,,CFR Karachi,,X-PRESS PHOENIX,,Yaaseen Shipping,By Sea,JJCQDKRA5550323,,Qingdao,Karachi,2025-11-26,2025-12-13,2026-01-07,2026-01-09,2026-01-11,,2026-01-11,29,EFS,2026-01-12 00:00:00,KAPS-HC-119931,,2026-01-13,,1,2026-01-21,,0.0,0.0,201075.45,203086.20,0.25,0.07
698,698,,,,,2610.0,Yes,CFR-FCL,,MSC ADITI,MSC,MSC Pakistan,By Sea,MEDUJ5685972,0,Durban,Karachi,,2025-10-18,2025-11-12,2025-11-15,,,2025-11-15,28,EFS,2025-11-17 00:00:00,KAPS-FS-85481,Green,2025-11-20,,3,2025-11-23,8.857142857142858,0.0,39.0,8287114.32,8369985.46,0.23,0.07
699,699,,,,,8207.9,NO,FOB - LCL,Ceva Logistic,CMA CGM NINGBO,CMA CGM,Ceva Logistic,By Sea,QDWH251018762,0,,Karachi,2025-09-20,2025-10-18,2025-11-08,2025-11-16,,,2025-11-16,29,EFS,2025-11-17 00:00:00,KAPW-HC-89169,Green,2025-11-27,,10,2025-11-26,14.0,0.0,0.0,397831.50,401809.81,0.27,0.07
700,700,,,,,8311.3,NO,FOB-FCL,PNSC,X-PRESS CARINA,One Line,PNSC,By Sea,TJZHL250938046N,0,XINGANG,Karachi,2025-09-08,2025-10-03,2025-10-27,2025-10-29,,,2025-10-29,26,EFS,2025-10-30 00:00:00,KAPW-HC-78052,Green,2025-11-05,,6,2025-11-10,0.0,0.0,0.0,2143960.00,2165399.60,0.36,0.07
701,701,,,,,8205.7,NO,FOB-LCL,Logistic Mode,ESL Dachan Bay,,Logistic Mode,By Sea,TCKHI2509053822,0,KEELUNG,Karachi,2025-08-25,2025-09-12,2025-10-05,2025-10-07,,,2025-10-07,25,EFS,2025-10-08 00:00:00,KAPW-HC-62610,Green,2025-10-17,,9,2025-10-24,0.0,0.0,0.0,220680.40,222887.20,0.33,0.07
702,702,,,,,3917.33,NO,FCA-AIR,Broco,,China Southern,Broco,By Air,SA250804901,3,Shanghai,Lahore,2025-08-18,2025-08-21,2025-09-11,,,,2025-09-11,21,EFS,2025-08-23 00:00:00,KPAF-HC-19080,,2025-08-23,,0,2025-08-23,0.0,0.0,0.0,56600.00,57166.00,0.52,0.07
703,703,,,,,,,,,,,,,,,,,,,,,,,,,,,,,,,,2025-08-23,0.0,0.0,0.0,,,,
704,704,,,,,8467.89,NO,FCA-AIR,Broco,,China Southern,Broco,By Air,SA250804901,3,Shanghai,Lahore,2025-08-18,2025-08-21,2025-09-11,,,,2025-09-11,21,EFS,2025-08-23 00:00:00,KPAF-HC-19080,,2025-08-23,,0,2025-08-23,0.0,0.0,0.0,1018800.00,1028988.00,0.25,0.07
705,705,,,,,8413.199,NO,FCA-AIR,Broco,,China Southern,Broco,By Air,SA250804901,3,Shanghai,Lahore,2025-08-18,2025-08-21,2025-09-11,,,,2025-09-11,21,EFS,2025-08-23 00:00:00,KPAF-HC-19080,,2025-08-23,,0,2025-08-23,0.0,0.0,0.0,1113605.00,1124741.05,0.52,0.07
706,706,,,,,8204.2,NO,FCA-AIR,Broco,,China Southern,Broco,By Air,SA250804901,3,Shanghai,Lahore,2025-08-18,2025-08-21,2025-09-11,,,,2025-09-11,21,EFS,2025-08-23 00:00:00,KPAF-HC-19080,,2025-08-23,,0,2025-08-23,0.0,0.0,0.0,169800.00,171498.00,0.29,0.07
707,707,,,,,2610.0,Yes,FOB-LCL,,Abraya Bhum,YML,,By Sea,SCZA00140743,0,Durban,Karachi,,2025-09-01,2025-09-25,2025-10-10,,,2025-10-10,39,EFS,2025-10-10 00:00:00,KAPW-HC-63399,Green,2025-10-16,,6,2025-10-24,0.0,0.0,0.0,185365.00,187218.65,0.24,0.07
708,708,,,,,7318.151,NO,FOB-LCL,Broco,KOTA MANZANILLO,Johan Freight,Broco,By Sea,HANL25080529,0,Ningbo,Karachi,2025-08-05,2025-09-03,2025-09-22,,,,2025-09-22,19,EFS,2025-09-22 00:00:00,KAPW-HC-53485,Green,2025-09-27,,5,2025-10-04,0.0,0.0,0.0,164812.32,166460.44,0.78,0.07
709,709,,,,,7318.151,NO,FOB-LCL,Broco,KOTA MANZANILLO,Johan Freight,Broco,By Sea,HANL25080529,0,Ningbo,Karachi,2025-08-05,2025-09-03,2025-09-22,,,,2025-09-22,19,EFS,2025-09-22 00:00:00,KAPW-HC-53485,Green,2025-09-27,,5,2025-10-04,0.0,0.0,0.0,409656.96,413753.53,0.78,0.07
710,710,,,,,7318.151,NO,FOB-LCL,Broco,KOTA MANZANILLO,Johan Freight,Broco,By Sea,HANL25080529,0,Ningbo,Karachi,2025-08-05,2025-09-03,2025-09-22,,,,2025-09-22,19,EFS,2025-09-22 00:00:00,KAPW-HC-53485,Green,2025-09-27,,5,2025-10-04,0.0,0.0,0.0,33821.57,34159.78,0.78,0.07
711,711,,,,,7318.151,NO,FOB-LCL,Broco,KOTA MANZANILLO,Johan Freight,Broco,By Sea,HANL25080529,0,Ningbo,Karachi,2025-08-05,2025-09-03,2025-09-22,,,,2025-09-22,19,EFS,2025-09-22 00:00:00,KAPW-HC-53485,Green,2025-09-27,,5,2025-10-04,0.0,0.0,0.0,240639.55,243045.95,0.78,0.07
712,712,,,,,7318.151,NO,FOB-LCL,Broco,KOTA MANZANILLO,Johan Freight,Broco,By Sea,HANL25080529,0,Ningbo,Karachi,2025-08-05,2025-09-03,2025-09-22,,,,2025-09-22,19,EFS,2025-09-22 00:00:00,KAPW-HC-53485,Green,2025-09-27,,5,2025-10-04,0.0,0.0,0.0,327454.27,330728.81,0.78,0.07
713,713,,,,,7318.151,NO,FOB-LCL,Broco,KOTA MANZANILLO,Johan Freight,Broco,By Sea,HANL25080529,0,Ningbo,Karachi,2025-08-05,2025-09-03,2025-09-22,,,,2025-09-22,19,EFS,2025-09-22 00:00:00,KAPW-HC-53485,Green,2025-09-27,,5,2025-10-04,0.0,0.0,0.0,655451.14,662005.65,0.78,0.07
714,714,,,,0.00,,,,,,,,,ORG2505436EXY,,,,,,,,,,,,,2025-06-04 00:00:00,KAPW-HC-196764,,,,,2025-06-15,0.0,0.0,0.0,,,,
715,715,,,,0.00,7202.7,No,CFR,,2025-03-17 00:00:00,EUNSAN,Green W. - KHI,LCL,ESSASEL25031386,,Busan,Karachi-port,2025-03-12,2025-03-17,2025-04-18,,,,,4.571428571428571,Eastern,2025-04-18 00:00:00,,Red,,,,2025-05-02,0.0,0.0,0.0,,,,
716,716,B3,,,,7204.109,NO,CFR,,,,,Sea,,,,Karachi,,2026-06-08,2026-07-10,2026-07-12,,,2026-07-12,34,MHQ,,,,,,0,2026-07-22,0.0,0.0,0.0,7427425.72,7501699.98,0.28,0.07
717,717,B1,,90698.52,25486284.12,7204.109,NO,CFR,,,,,Sea,,,,Karachi,,2026-06-07,2026-07-16,2026-07-21,,,2026-07-21,44,MHQ,,,,,,0,2026-07-31,0.0,0.0,0.0,25486284.12,25741146.96,0.28,0.07
718,718,B2,,45309.88,12732076.28,7204.109,NO,CFR,,,,,Sea,,,,Karachi,,2026-06-07,2026-07-16,2026-07-23,2026-07-28,,2026-07-28,51,MHQ,,,,,,0,2026-08-07,0.0,0.0,0.0,12732076.28,12859397.04,0.28,0.07
719,719,,,17049.60,5464055.81,2530.1,,CFR Karachi,,SEASPAN BRILLIANCE 101E,One Line,One Line Pakistan,Sea,ONEYISTG06274300,,Aliaga,Karachi,,2026-05-02,2026-06-05,2026-06-14,2026-06-20,,2026-06-20,49,EFS,,,,,,0,2026-06-29,,0.0,-35.0,603407.47,609441.55,0.25,0.07
720,720,,,,,6903.901,,CFR Karachi,,SEASPAN BRILLIANCE 101E,One Line,One Line Pakistan,Sea,ONEYISTG06274300,,Aliaga,Karachi,,2026-05-02,2026-06-05,2026-06-14,2026-06-20,,2026-06-20,49,EFS,,,,,,0,2026-06-29,,0.0,-35.0,356010.41,359570.51,0.25,0.07
721,721,,,,,6903.901,,CFR Karachi,,SEASPAN BRILLIANCE 101E,One Line,One Line Pakistan,Sea,ONEYISTG06274300,,Aliaga,Karachi,,2026-05-02,2026-06-05,2026-06-14,2026-06-20,,2026-06-20,49,EFS,,,,,,0,2026-06-29,,0.0,-36.0,541725.82,547143.08,0.25,0.07
722,722,,,,,6903.901,,CFR Karachi,,SEASPAN BRILLIANCE 101E,One Line,One Line Pakistan,Sea,ONEYISTG06274300,,Aliaga,Karachi,,2026-05-02,2026-06-05,2026-06-14,2026-06-20,,2026-06-20,49,EFS,,,,,,0,2026-06-29,,0.0,-36.0,1477141.50,1491912.91,0.25,0.07
723,723,,,,,6903.901,,CFR Karachi,,SEASPAN BRILLIANCE 101E,One Line,One Line Pakistan,Sea,ONEYISTG06274300,,Aliaga,Karachi,,2026-05-02,2026-06-05,2026-06-14,2026-06-20,,2026-06-20,49,EFS,,,,,,0,2026-06-29,,0.0,-36.0,642025.55,648445.81,0.25,0.07
724,724,,,12833.10,4273422.30,6903.901,NO,CFR - FCL,,Remah,One Line,,Sea,ONEYISTG05971600,,Aliaga,Karachi,,2026-04-07,2026-05-09,2026-05-14,2026-05-18,2026-05-21,2026-05-21,44,EFS,2026-05-21 00:00:00,KAPS-HC-198331,,2026-05-22,,1,2026-06-01,15.857142857142858,0.0,-28.0,749250.00,756742.50,0.24,0.07
725,725,,,,,6903.901,NO,CFR - FCL,,Remah,One Line,,Sea,ONEYISTG05971600,,Aliaga,Karachi,,2026-04-07,2026-05-09,2026-05-14,2026-05-18,2026-05-21,2026-05-21,44,EFS,2026-05-21 00:00:00,KAPS-HC-198331,,2026-05-22,,1,2026-06-01,18.428571428571427,0.0,-39.0,257742.00,260319.42,0.24,0.07
726,726,,,,,6903.901,NO,CFR - FCL,,Remah,One Line,,Sea,ONEYISTG05971600,,Aliaga,Karachi,,2026-04-07,2026-05-09,2026-05-14,2026-05-18,2026-05-21,2026-05-21,44,EFS,2026-05-21 00:00:00,KAPS-HC-198331,,2026-05-22,,1,2026-06-01,18.428571428571427,0.0,-39.0,1807690.50,1825767.41,0.24,0.07
727,727,,,,,6903.901,NO,CFR - FCL,,Remah,One Line,,Sea,ONEYISTG05971600,,Aliaga,Karachi,,2026-04-07,2026-05-09,2026-05-14,2026-05-18,2026-05-21,2026-05-21,44,EFS,2026-05-21 00:00:00,KAPS-HC-198331,,2026-05-22,,1,2026-06-01,15.857142857142858,0.0,-28.0,411188.40,415300.28,0.24,0.07
728,728,,,,,6903.901,NO,CFR - FCL,,Remah,One Line,1,Sea,ONEYISTG05971600,,Aliaga,Karachi,,2026-04-07,2026-05-09,2026-05-14,2026-05-18,2026-05-21,2026-05-21,44,EFS,2026-05-21 00:00:00,KAPS-HC-198331,,2026-05-22,,1,2026-06-01,15.857142857142858,0.0,-28.0,389610.00,393506.10,0.24,0.07
729,729,,,,,6903.901,NO,CFR - FCL,,Remah,One Line,,Sea,ONEYISTG05971600,,Aliaga,Karachi,,2026-04-07,2026-05-09,2026-05-14,2026-05-18,2026-05-21,2026-05-21,44,EFS,2026-05-21 00:00:00,KAPS-HC-198331,,2026-05-22,,1,2026-06-01,15.857142857142858,0.0,-28.0,159440.40,161034.80,0.24,0.07
730,730,,,,,6903.901,NO,CFR - FCL,,Remah,One Line,,Sea,ONEYISTG05971600,,Aliaga,Karachi,,2026-04-07,2026-05-09,2026-05-14,2026-05-18,2026-05-21,2026-05-21,44,EFS,2026-05-21 00:00:00,KAPS-HC-198331,,2026-05-22,,1,2026-06-01,15.857142857142858,0.0,-28.0,130536.00,131841.36,0.24,0.07
731,731,,,,,6903.901,NO,CFR - FCL,,Remah,One Line,,Sea,ONEYISTG05971600,,Aliaga,Karachi,,2026-04-07,2026-05-09,2026-05-14,2026-05-18,2026-05-21,2026-05-21,44,EFS,2026-05-21 00:00:00,KAPS-HC-198331,,2026-05-22,,1,2026-06-01,0.0,0.0,0.0,333.00,336.33,0.24,0.07
732,732,,,,,6903.901,NO,CFR - FCL,,Remah,One Line,,Sea,ONEYISTG05971600,,Aliaga,Karachi,,2026-04-07,2026-05-09,2026-05-14,2026-05-18,2026-05-21,2026-05-21,44,EFS,2026-05-21 00:00:00,KAPS-HC-198331,,2026-05-22,,1,2026-06-01,0.0,0.0,0.0,333.00,336.33,0.24,0.07
733,733,,,,,6903.901,NO,CFR - FCL,,Remah,One Line,,Sea,ONEYISTG05971600,,Aliaga,Karachi,,2026-04-07,2026-05-09,2026-05-14,2026-05-18,2026-05-21,2026-05-21,44,EFS,2026-05-21 00:00:00,KAPS-HC-198331,,2026-05-22,,1,2026-06-01,0.0,0.0,0.0,333.00,336.33,0.24,0.07
734,734,,,,,6903.901,NO,CFR - FCL,,Remah,One Line,,Sea,ONEYISTG05971600,,Aliaga,Karachi,,2026-04-07,2026-05-09,2026-05-14,2026-05-18,2026-05-21,2026-05-21,44,EFS,2026-05-21 00:00:00,KAPS-HC-198331,,2026-05-22,,1,2026-06-01,0.0,0.0,0.0,333.00,336.33,0.24,0.07
735,735,,,,,6903.901,NO,CFR - FCL,,Remah,One Line,,Sea,ONEYISTG05971600,,Aliaga,Karachi,,2026-04-07,2026-05-09,2026-05-14,2026-05-18,2026-05-21,2026-05-21,44,EFS,2026-05-21 00:00:00,KAPS-HC-198331,,2026-05-22,,1,2026-06-01,0.0,0.0,0.0,333.00,336.33,0.24,0.07
736,736,,,,,6903.901,NO,CFR - FCL,,Remah,One Line,,Sea,ONEYISTG05971600,,Aliaga,Karachi,,2026-04-07,2026-05-09,2026-05-14,2026-05-18,2026-05-21,2026-05-21,44,EFS,2026-05-21 00:00:00,KAPS-HC-198331,,2026-05-22,,1,2026-06-01,17.857142857142858,0.0,-35.0,366300.00,369963.00,0.24,0.07
737,737,,,15360.00,4973568.00,3824.1,YES,CFR Karachi,,CINZIA,CMA CGM,,Sea,SB1923381,,Shanghai,Karachi,,2026-03-05,2026-04-16,2026-04-23,2026-04-29,,2026-04-29,55,EFS,2026-04-30 00:00:00,KAPS-FS-186504,,2026-05-04,,4,2026-05-07,0.0,0.0,-24.0,4973568.00,5023303.68,0.22,0.07
738,738,,,159736.00,44726080.00,8466.939,,FOB Qingdao,,,,,Sea,,,,Karachi,,2026-08-27,2026-09-21,,,,2026-09-21,25,EFS,,,,,,0,2026-09-29,,,0.0,44726080.00,45173340.80,0.02,0.07
739,739,,,191058.00,7680531.60,7228.4,,FOB Shanghai,,,CNC Line,,Sea,HTHC26033195-01,,Qingdao,Karachi,,2026-04-07,2026-05-02,2026-05-05,,,2026-05-05,28,EFS,2026-05-06 00:00:00,KAPS-FS-189187,,2026-05-08,,2,2026-05-12,16.571428571428573,0.0,-5.0,1173196.80,1184928.77,0.02,0.07
740,740,,,,7680531.60,7228.4,,FOB Shanghai,,,CNC Line,,Sea,HTHC26033195-01,,Qingdao,Karachi,,2026-04-07,2026-05-02,2026-05-05,,,2026-05-05,28,EFS,2026-05-06 00:00:00,KAPS-FS-189187,,2026-05-08,,2,2026-05-12,16.571428571428573,0.0,-5.0,903213.60,912245.74,0.02,0.07
741,741,,,,,7228.4,,FOB Shanghai,,,CNC Line,,Sea,HTHC26033195-01,,Qingdao,Karachi,,2026-04-07,2026-05-02,2026-05-05,,,2026-05-05,28,EFS,2026-05-06 00:00:00,KAPS-FS-189187,,2026-05-08,,2,2026-05-12,15.571428571428571,0.0,3.0,5604121.20,5660162.41,0.02,0.07
742,742,,,55000.00,18012500.00,8421.399,,CFR Karachi,,,Heung A Line,,Sea,HASLC01260304535,,,Karachi,2026-03-05,2026-03-19,2026-04-09,,,,2026-04-09,21,EFS,2026-04-13 00:00:00,KAPS-HC-175531,,2026-04-14,,1,2026-04-18,0.0,0.0,0.0,877700.00,886477.00,0.49,0.07
743,743,,,,,8414.802,,CFR Karachi,,,Heung A Line,,Sea,HASLC01260304535,,,Karachi,2026-02-27,2026-03-19,2026-04-09,,,,2026-04-09,21,EFS,2026-04-13 00:00:00,KAPS-HC-175531,,2026-04-14,,1,2026-04-18,0.0,0.0,0.0,8076150.00,8156911.50,0.37,0.07
744,744,,,,,8414.802,,CFR Karachi,,,Heung A Line,,Sea,HASLC01260304535,,,Karachi,2026-02-27,2026-03-19,2026-04-09,,,,2026-04-09,21,EFS,2026-04-13 00:00:00,KAPS-HC-175531,,2026-04-14,,1,2026-04-18,0.0,0.0,0.0,7093650.00,7164586.50,0.37,0.07
745,745,,,,,8419.39,,CFR Karachi,,,Heung A Line,,Sea,HASLC01260304535,,,Karachi,2026-02-27,2026-03-19,2026-04-09,,,,2026-04-09,21,EFS,2026-04-13 00:00:00,KAPS-HC-175531,,2026-04-14,,1,2026-04-18,0.0,0.0,0.0,1965000.00,1984650.00,0.23,0.07
746,746,,,79868.00,22522776.00,8466.939,,FOB Qingdao,,,,,Sea,,,,Karachi,,2026-06-27,2026-07-22,,,,2026-07-22,25,EFS,,,,,,0,2026-07-30,0.0,0.0,0.0,22522776.00,22748003.76,0.02,0.07
747,747,B1,,57708.24,16273723.68,2704.001,YES,CFR Karachi,,Maersk Newbury,Maersk Line,,Sea,266773520,,VADO LIGURE,Karachi,,2026-03-11,2026-04-16,2026-04-27,,,2026-04-27,47,EFS,2026-04-29 00:00:00,KPPI-FS-60703,,2026-04-30,,1,2026-05-05,0.0,0.0,-42.0,16273723.68,16436460.92,0.23,0.07
748,748,B2,,15308.52,4317002.64,2704.001,YES,CFR Karachi,,Maersk Serangoon,Maersk Line,,Sea,267326384,,VADO LIGURE,Karachi,,2026-03-31,2026-05-04,2026-05-11,,,2026-05-11,41,EFS,2026-05-12 00:00:00,KPPI-FS-63178,,2026-05-14,,2,2026-05-19,18.428571428571427,0.0,-56.0,4317002.64,4360172.67,0.23,0.07
820,820,,,,,7214.109,,FOB,,,,,Sea,,,,Karachi,2026-07-14,2026-07-29,2026-08-20,,,,2026-08-20,22,EFS,,,,,,0,2026-08-30,,0.0,2.0,4217678.20,4259854.98,0.02,0.07
749,749,,,17842.14,5031483.48,8483.409,YES,CFR Karachi,,BHUDTHI BHUM V. 034W,,Seagull Shipping,Sea,A92GX08775B,,Ningbo,Karachi,,2026-04-21,2026-05-12,2026-05-14,2026-05-16,2026-05-21,2026-05-21,30,EFS,2026-05-22 00:00:00,KAPW-FS-205466,,2026-05-25,,3,2026-06-01,18.428571428571427,0.0,0.0,87476.40,88351.16,0.48,0.07
750,750,,,,,8483.409,YES,CFR Karachi,,BHUDTHI BHUM V. 034W,,Seagull Shipping,Sea,A92GX08775B,,Ningbo,Karachi,,2026-04-21,2026-05-12,2026-05-14,2026-05-16,2026-05-21,2026-05-21,30,EFS,2026-05-22 00:00:00,KAPW-FS-205466,,2026-05-25,,3,2026-06-01,18.428571428571427,0.0,0.0,1024799.28,1035047.27,0.48,0.07
751,751,,,,,8483.409,YES,CFR Karachi,,BHUDTHI BHUM V. 034W,,Seagull Shipping,Sea,A92GX08775B,,Ningbo,Karachi,,2026-04-21,2026-05-12,2026-05-14,2026-05-16,2026-05-21,2026-05-21,30,EFS,2026-05-22 00:00:00,KAPW-FS-205466,,2026-05-25,,3,2026-06-01,18.428571428571427,0.0,0.0,479529.72,484325.02,0.48,0.07
752,752,,,,,8483.409,YES,CFR Karachi,,BHUDTHI BHUM V. 034W,,Seagull Shipping,Sea,A92GX08775B,,Ningbo,Karachi,,2026-04-21,2026-05-12,2026-05-14,2026-05-16,2026-05-21,2026-05-21,30,EFS,2026-05-22 00:00:00,KAPW-FS-205466,,2026-05-25,,3,2026-06-01,18.428571428571427,0.0,0.0,626118.96,632380.15,0.48,0.07
753,753,,,,,8483.409,YES,CFR Karachi,,BHUDTHI BHUM V. 034W,,Seagull Shipping,Sea,A92GX08775B,,Ningbo,Karachi,,2026-04-21,2026-05-12,2026-05-14,2026-05-16,2026-05-21,2026-05-21,30,EFS,2026-05-22 00:00:00,KAPW-FS-205466,,2026-05-25,,3,2026-06-01,18.428571428571427,0.0,0.0,212064.00,214184.64,0.48,0.07
754,754,,,,,8483.409,YES,CFR Karachi,,BHUDTHI BHUM V. 034W,,Seagull Shipping,Sea,A92GX08775B,,Ningbo,Karachi,,2026-04-21,2026-05-12,2026-05-14,2026-05-16,2026-05-21,2026-05-21,30,EFS,2026-05-22 00:00:00,KAPW-FS-205466,,2026-05-25,,3,2026-06-01,18.428571428571427,0.0,0.0,478204.32,482986.36,0.48,0.07
755,755,,,,,8483.409,YES,CFR Karachi,,BHUDTHI BHUM V. 034W,,Seagull Shipping,Sea,A92GX08775B,,Ningbo,Karachi,,2026-04-21,2026-05-12,2026-05-14,2026-05-16,2026-05-21,2026-05-21,30,EFS,2026-05-22 00:00:00,KAPW-FS-205466,,2026-05-25,,3,2026-06-01,18.428571428571427,0.0,0.0,858859.20,867447.79,0.48,0.07
756,756,,,,,8483.409,YES,CFR Karachi,,BHUDTHI BHUM V. 034W,,Seagull Shipping,Sea,A92GX08775B,,Ningbo,Karachi,,2026-04-21,2026-05-12,2026-05-14,2026-05-16,2026-05-21,2026-05-21,30,EFS,2026-05-22 00:00:00,KAPW-FS-205466,,2026-05-25,,3,2026-06-01,18.428571428571427,0.0,0.0,1264431.60,1277075.92,0.48,0.07
757,757,,,16632.00,4656960.00,3824.1,YES,CFR Karachi,,MSC EMANUELA,MSC,,Sea,MEDUWA412271,,QINGDAO,Karachi,2026-01-13,2026-01-22,2026-02-22,2026-02-26,,,2026-02-26,,EFS,2026-02-27 00:00:00,KAPS-FS-150490,,2026-03-04,,5,2026-03-09,18.428571428571427,0.0,0.0,4656960.00,4703529.60,0.23,0.07
758,758,B1,,276476.20,11059048.00,7214.109,,FOB,,Zhong GU XI AN,,Broco,Sea,SW25E017886,,Shanghai,Karachi,,2026-02-20,2026-03-14,,,,2026-03-14,22,EFS,2026-03-17 00:00:00,KAPS-FS-159477,,2026-03-19,,2,2026-03-30,17.0,0.0,-35.0,1273272.00,1286004.72,0.02,0.07
759,759,B1,,,,7214.109,,FOB,,Zhong GU XI AN,,Broco,Sea,SW25E017886,,Shanghai,Karachi,,2026-02-20,2026-03-14,,,,2026-03-14,22,EFS,2026-03-17 00:00:00,KAPS-FS-159477,,2026-03-19,,2,2026-03-30,17.0,0.0,-35.0,9785776.00,9883633.76,0.02,0.07
760,760,B2,,122276.00,4891040.00,7214.109,,FOB,,Ever Smart,,Broco,Sea,SW26E001046,,Shanghai,Karachi,,2026-02-22,2026-03-17,2026-03-19,2026-03-21,,2026-03-21,27,,2026-03-24 00:00:00,KAPS-FS-152510,,2026-03-24,,0,2026-04-02,17.428571428571427,0.0,-38.0,4891040.00,4939950.40,0.02,0.07
761,761,,,26125.00,7367250.00,7202.11,NO,CFR Karachi,,OOCL JAKARTA,,,Sea,YMJAS491311547,,HAIPHONG PORT,Karachi,2025-11-20,2025-12-17,2026-01-04,,,,2026-01-04,18,,2026-01-06 00:00:00,KAPW-HC-123901,,2026-01-08,,2,2026-01-14,,0.0,38.0,7367250.00,7440922.50,0.23,0.07
762,762,,,155771.00,6230840.00,7214.109,YES,FOB Shanghai,,HEMMA BHUM,,Broco,Sea,SW25E017873,,Shanghai,Karachi,,2026-01-11,2026-02-01,2026-02-02,2026-02-03,,2026-02-03,23,EFS,2026-02-03 00:00:00,KAPS-FS-133648,,2026-02-04,,1,2026-02-10,11.714285714285714,0.0,5.0,3270960.00,3303669.60,0.04,0.07
763,763,,,,,7214.109,YES,FOB Shanghai,,HEMMA BHUM,,Broco,Sea,SW25E017873,,Shanghai,Karachi,,2026-01-11,2026-02-01,2026-02-02,2026-02-03,,2026-02-03,23,EFS,2026-02-03 00:00:00,KAPS-FS-133648,,2026-02-04,,1,2026-02-10,11.714285714285714,0.0,5.0,2959880.00,2989478.80,0.04,0.07
764,764,,,21042.57,5887711.09,3824.1,,CFR Karachi,,,CMA CGM,CMA CGM - KHI,Sea,QGD2560214,,QINGDAO,Karachi,,2026-01-24,2026-02-18,2026-02-21,,,2026-02-21,28,EFS,2026-02-23 00:00:00,KAPS-HC-146575,,2026-02-24,,1,2026-02-27,,0.0,-35.0,2122003.20,2143223.23,0.23,0.07
765,765,,,,,3824.1,,CFR Karachi,,,CMA CGM,CMA CGM - KHI,Sea,QGD2560214,,QINGDAO,Karachi,,2026-01-24,2026-02-18,2026-02-21,,,2026-02-21,28,EFS,2026-02-23 00:00:00,KAPS-HC-146575,,2026-02-24,,1,2026-02-27,,0.0,-6.0,1090372.21,1101275.93,0.23,0.07
766,766,,,,,3824.1,,CFR Karachi,,,CMA CGM,CMA CGM - KHI,Sea,QGD2560214,,QINGDAO,Karachi,,2026-01-24,2026-02-18,2026-02-21,,,2026-02-21,28,EFS,2026-02-23 00:00:00,KAPS-HC-146575,,2026-02-24,,1,2026-02-27,,0.0,-6.0,2675335.68,2702089.04,0.23,0.07
767,767,,,60533.11,16967430.73,7204.109,NO,CFR Karachi,,MSC CAROLINA,MSC,MSC Pakistan,By Sea,MEDUOQ016133,,"NEW YORK,USA",Karachi,2025-12-10,2025-12-17,2026-02-22,2026-02-25,2026-03-08,,2026-03-08,81,MHQ,2026-03-10 00:00:00,KAPPI-HC-53662,,2026-03-12,,2,2026-03-24,,0.0,0.0,16967430.73,17137105.04,0.28,0.07
768,768,,,16862.00,5497012.00,3824.1,,CFR-FCL,,CMA CGM OSAKA,CMA CGM,,By Sea,ISB1875771,,Aliaga,Karachi,2025-12-20,2025-12-26,2026-02-05,,,,2026-02-05,41,EFS,2026-02-06 00:00:00,KAPE-HC-53015,,2026-02-12,,6,2026-02-15,,0.0,-23.0,1636499.25,1652864.24,0.23,0.07
769,769,,,,,3824.1,,CFR-FCL,,CMA CGM OSAKA,CMA CGM,,By Sea,ISB1875771,,Aliaga,Karachi,2025-12-20,2025-12-26,2026-02-05,,,,2026-02-05,41,EFS,2026-02-06 00:00:00,KAPE-HC-53015,,2026-02-12,,6,2026-02-15,,0.0,0.0,196297.26,198260.23,0.23,0.07
770,770,,,,,3824.1,,CFR-FCL,,CMA CGM OSAKA,CMA CGM,,By Sea,ISB1875771,,Aliaga,Karachi,2025-12-20,2025-12-26,2026-02-05,,,,2026-02-05,41,EFS,2026-02-06 00:00:00,KAPE-HC-53015,,2026-02-12,,6,2026-02-15,,0.0,0.0,29272.40,29565.12,0.23,0.07
771,771,,,,,3824.1,,CFR-FCL,,CMA CGM OSAKA,CMA CGM,,By Sea,ISB1875771,,Aliaga,Karachi,2025-12-20,2025-12-26,2026-02-05,,,,2026-02-05,41,EFS,2026-02-06 00:00:00,KAPE-HC-53015,,2026-02-12,,6,2026-02-15,,0.0,-4.0,1441235.13,1455647.49,0.23,0.07
772,772,,,,,3824.1,,CFR-FCL,,CMA CGM OSAKA,CMA CGM,,By Sea,ISB1875771,,Aliaga,Karachi,2025-12-20,2025-12-26,2026-02-05,,,,2026-02-05,41,EFS,2026-02-06 00:00:00,KAPE-HC-53015,,2026-02-12,,6,2026-02-15,,0.0,0.0,41325.74,41739.00,0.23,0.07
773,773,,,,,6903.901,,CFR-FCL,,CMA CGM OSAKA,CMA CGM,,By Sea,ISB1875771,,Aliaga,Karachi,2025-12-20,2025-12-26,2026-02-05,,,,2026-02-05,41,EFS,2026-02-06 00:00:00,KAPE-HC-53015,,2026-02-12,,6,2026-02-15,,0.0,-23.0,1894096.35,1913037.32,0.26,0.07
774,774,,,,,2530.1,,CFR-FCL,,CMA CGM OSAKA,CMA CGM,,By Sea,ISB1875771,,Aliaga,Karachi,2025-12-20,2025-12-26,2026-02-05,,,,2026-02-05,41,EFS,2026-02-06 00:00:00,KAPE-HC-53015,,2026-02-12,,6,2026-02-15,,0.0,-23.0,258285.87,260868.73,0.23,0.07
775,775,,,,,7228.4,,FOB-LCL,,,,FREIGHT HUB,By Sea,JHN25120209,,Shanghai,Karachi,,2025-12-24,2026-01-09,2026-01-11,,,2026-01-11,18,EFS,2026-01-12 00:00:00,KAPE-FS-46679,,2026-01-19,,7,2026-01-24,13.285714285714286,-0.14285714285714285,-10.0,1011200.00,1021312.00,0.02,0.07
776,776,,,,,7228.4,,FOB-LCL,,,,FREIGHT HUB,By Sea,JHN25120209,,Shanghai,Karachi,,2025-12-24,2026-01-09,2026-01-11,,,2026-01-11,18,EFS,,,,,,0,2026-01-24,0.0,0.0,0.0,2731188.00,2758499.88,0.02,0.07
777,777,,,,,7214.109,,CFR Karachi,,Hema Bhum,Interasia,Rahmat Shipping,By Sea,A56FX32273,21,Shnaghai,Karachi,2025-11-17,2025-11-20,2025-12-11,2025-12-18,,,2025-12-18,28,EFS,2025-12-19 00:00:00,KAPS-FS-105408,Green,2025-12-20,,1,2025-12-28,,,0.0,4629240.00,4675532.40,0.02,0.07
778,778,,,,,7214.109,,CFR Karachi,,Hema Bhum,Interasia,Rahmat Shipping,By Sea,A56FX32273,21,Shnaghai,Karachi,2025-11-17,2025-11-20,2025-12-11,2025-12-18,,,2025-12-18,28,EFS,2025-12-19 00:00:00,KAPS-FS-105408,Green,2025-12-20,,1,2025-12-28,10.428571428571429,0.0,9.0,1319300.00,1332493.00,0.02,0.07
779,779,,,,,7214.109,,CFR Karachi,,Hema Bhum,Interasia,Rahmat Shipping,By Sea,A56FX32273,21,Shnaghai,Karachi,2025-11-17,2025-11-20,2025-12-11,2025-12-18,,,2025-12-18,28,EFS,2025-12-19 00:00:00,KAPS-FS-105408,Green,2025-12-20,,1,2025-12-28,10.428571428571429,0.0,9.0,1319300.00,1332493.00,0.02,0.07
780,780,,,,,3824.1,NO,CFR-FCL,,HONG LI YUAN YANG,AKKON Lines,Freight Connection,By Sea,AKKALI25027204,0,Aliaga,Karachi,2025-10-15,2025-11-04,2025-11-18,2025-11-20,,,2025-11-20,16,EFS,2025-11-21 00:00:00,KAPE-HC-35633,Green,2025-11-24,,3,2025-11-28,0.0,0.0,0.0,115500.00,116655.00,0.25,0.07
781,781,,,,,3824.1,NO,CFR-FCL,,HONG LI YUAN YANG,AKKON Lines,Freight Connection,By Sea,AKKALI25027204,0,Aliaga,Karachi,2025-10-15,2025-11-04,2025-11-18,2025-11-20,,,2025-11-20,16,EFS,2025-11-21 00:00:00,KAPE-HC-35633,Green,2025-11-24,,3,2025-11-28,0.0,0.0,0.0,63360.00,63993.60,0.25,0.07
782,782,,,,,3824.1,NO,CFR-FCL,,HONG LI YUAN YANG,AKKON Lines,Freight Connection,By Sea,AKKALI25027204,0,Aliaga,Karachi,2025-10-15,2025-11-04,2025-11-18,2025-11-20,,,2025-11-20,16,EFS,2025-11-21 00:00:00,KAPE-HC-35633,Green,2025-11-24,,3,2025-11-28,0.0,0.0,0.0,9487.50,9582.37,0.25,0.07
783,783,,,,,6903.901,NO,CFR-FCL,,HONG LI YUAN YANG,AKKON Lines,Freight Connection,By Sea,AKKALI25027204,0,Aliaga,Karachi,2025-10-15,2025-11-04,2025-11-18,2025-11-20,,,2025-11-20,16,EFS,2025-11-21 00:00:00,KAPE-HC-35633,Green,2025-11-24,,3,2025-11-28,0.0,0.0,0.0,347490.00,350964.90,0.25,0.07
784,784,,,,,6903.901,NO,CFR-FCL,,HONG LI YUAN YANG,AKKON Lines,Freight Connection,By Sea,AKKALI25027204,0,Aliaga,Karachi,2025-10-15,2025-11-04,2025-11-18,2025-11-20,,,2025-11-20,16,EFS,2025-11-21 00:00:00,KAPE-HC-35633,Green,2025-11-24,,3,2025-11-28,0.0,0.0,0.0,202950.00,204979.50,0.25,0.07
785,785,,,,,6903.901,NO,CFR-FCL,,HONG LI YUAN YANG,AKKON Lines,Freight Connection,By Sea,AKKALI25027204,0,Aliaga,Karachi,2025-10-15,2025-11-04,2025-11-18,2025-11-20,,,2025-11-20,16,EFS,2025-11-21 00:00:00,KAPE-HC-35633,Green,2025-11-24,,3,2025-11-28,0.0,0.0,0.0,356400.00,359964.00,0.25,0.07
786,786,,,,,8514.4,NO,FOB-FCL,PNSC,WAN HAI 622,,PNSC,By Sea,HWKHI2501053,21,Shanghai,Karachi,2025-10-15,2025-10-27,2025-11-18,,,,2025-11-18,22,EFS,2025-11-20 00:00:00,KAPW-HC-91255,Green,2025-11-22,,2,2025-11-28,0.0,0.0,0.0,16306700.00,16469767.00,0.23,0.07
787,787,,,,,,,,,,,,,MEDUJV905701,,,,,,,,,,,,,2025-08-15 00:00:00,KPPI-HC-8860,,2025-08-17,,,2025-08-19,0.0,0.0,0.0,,,,
788,788,,,,,7204.109,NO,CFR - FCL,,MSC Bremen,MSC,MSC Pakistan,By Sea,MEDUJV905701,,Houston,Karachi,,2025-06-30,2025-08-12,,,,2025-08-12,43,MHQ,2025-08-15 00:00:00,KPPI-HC-8860,,2025-08-15,,0,2025-08-31,0.0,0.0,0.0,18752297.85,18939820.83,0.29,0.07
789,789,,,,,7204.491,No,CFR,,,MSC,,2 x 20' STD,MEDUQV182520,14,Qingdao,Port Qasim,,2025-04-21,2025-06-30,,,,,10,MHQ,2025-07-24 00:00:00,KPPI-HC-4645,Yellow,2025-07-29,,29,2025-08-02,0.0,0.0,0.0,,,,
790,790,,,,,7204.21,Yes,CFR,,2024-12-31 00:00:00,Maersk,Maersk - KHI,3 x 20' Std.,MAEU247948385,14,Fremantle,Port Qasim,,2024-12-31,2025-02-22,,,,,7.571428571428571,Muzammil,2025-02-24 00:00:00,KPPI-FS-46617,Green,2025-03-03,2025-03-07,9,2025-03-06,0.0,0.0,0.0,,,,
791,791,,,,,7204.29,Yes,CFR,,2024-12-22 00:00:00,Hapag-Lloyd,Hapag-Lloyd - KHI,3 x 20' Std.,HLCUBSC2412BIWc2,14,Norfolk,Port Qasim,,2025-01-08,2025-02-13,,,,,5.142857142857143,Muzammil,2025-02-14 00:00:00,KPPI-FS-44902,Green,2025-02-18,2025-02-27,4,2025-02-21,0.0,0.0,0.0,,,,
792,792,,,,,7204.491,No,CFR,,,MSC,,1 x 20' STD,NEDUFD529311,14,Qingdao,Port Qasim,,2024-11-27,2024-12-22,,,,,3.5714285714285716,MHQ,2025-01-13 00:00:00,KPPI-HC-38366,Green,2025-01-14,2025-01-05,23,2025-01-17,0.0,0.0,0.0,,,,
793,793,,,,,7204.109,No,CFR,,2024-11-25 00:00:00,MSC,MSC - KHI,4 x 20' Std.,MEDUOF257945,14,Montreal,Port Qasim,2024-11-22,2024-11-25,2025-01-25,,,,,8.714285714285714,Muzammil,2025-01-28 00:00:00,KPPI-HC-41475,Green,2025-01-31,2025-02-07,6,2025-02-02,0.0,0.0,0.0,,,,
794,794,,,0.00,0.00,,,CFR Karachi,,,,,Sea,DBA0401097,,,Karachi,,2026-03-06,2026-05-06,2026-05-14,2026-05-17,,2026-05-17,72,,2026-05-18 00:00:00,KAPS-TI-195947,,2026-05-22,,4,2026-06-01,,0.0,0.0,0.00,0.00,0.23,0.07
795,795,B1,,0.00,0.00,,,CFR Karachi,,,,,Sea,CEB002603,,,Karachi,,2026-04-25,2026-05-13,,,,2026-05-13,18,EFS,2026-05-20 00:00:00,KAPS-TI-197712,,2026-05-23,,3,2026-06-04,,0.0,0.0,0.00,0.00,0.23,0.07
796,796,,,0.00,0.00,,,CFR Karachi,,,Hapag Lloyd,CEVA,Sea,HLCUDUR260132743,,Durban,Karachi,,2026-02-06,2026-03-05,2026-03-07,,,2026-03-07,29,EFS,2026-03-09 00:00:00,KAPW-TI-165812,,2026-03-12,,3,2026-03-18,,0.0,0.0,0.00,0.00,0.22,0.07
797,797,,,0.00,0.00,8438.901,,CFR Karachi,,ARIONAS,CMA CGM,Broco,By Sea,GHC0327461,,Cebu,Karachi,,2026-01-15,2026-03-14,2026-03-15,,,2026-03-15,59,EFS,2026-03-18 00:00:00,KAPS-TI-160636,,2026-03-27,,9,2026-04-02,0.0,0.0,0.0,0.00,0.00,,
798,798,,,,0.00,8438.901,,CFR Karachi,,ARIONAS,CMA CGM,Broco,By Sea,GHC0327450,,Cebu,Karachi,,2026-01-15,2026-03-14,2026-03-15,,,2026-03-15,59,EFS,2026-03-18 00:00:00,KAPS-TI-162508,,2026-03-27,,9,2026-04-02,0.0,0.0,0.0,0.00,0.00,,
799,799,,,10760.00,3055840.00,,NO,OLB,,,,,By Sea,,,,Karachi,,2025-10-14,2025-11-23,,,,2025-11-23,40,EFS,2025-11-24 00:00:00,KAPW-TI-93845,,2025-12-01,,7,2025-12-03,0.0,0.0,0.0,3055840.00,3086398.40,,
800,800,,,,,,NO,OLB Pointe A Pitre,,,CMA CGM,,By Sea,LHV3759939,,Pointe A Pitre,0,,2025-08-02,2025-10-01,,,,2025-10-01,60,EFS,2025-10-02 00:00:00,KAPS-TI-56395,Green,2025-10-11,,9,2025-10-16,0.0,0.0,0.0,0.00,0.00,,0.07
801,801,,,,,,NO,OLB,,,One Line,,By Sea,MBAF00962900,,,0,,2025-07-09,2025-09-05,,,,2025-09-05,58,EFS,2025-09-04 00:00:00,KAPS-TI-38421,Green,2025-09-05,,1,2025-09-13,0.0,0.0,0.0,2796832.00,2824800.32,,0.07
802,802,,,30000.00,8460000.00,3801.9,,CFR Karachi,,,,,By Sea,,,,Karachi,,,,,,,,,,,,,,,0,,,0.0,0.0,8460000.00,8544600.00,0.26,0.07
803,803,,,,3233059.20,7204.21,No,CFR,,2024-11-27 00:00:00,MSC,MSC - KHI,1 x 40' HC,MEDUHE971500,14,Houston,Port Qasim,2024-11-27,2024-11-28,2025-01-21,,,,,7.714285714285714,Muzammil,2025-01-22 00:00:00,KPPI-FS-40444,Green,2025-01-25,2025-02-02,4,2025-09-13,0.0,0.0,0.0,,,,
804,804,,,0.00,0.00,8311.1,,FCA,,,,,Air,,,,Lahore,,,,,,,,,,,,,,,0,2025-09-13,,0.0,174.0,390000.00,393900.00,0.60,0.07
805,805,,,,,8311.1,,FCA,,,,,Air,,,,Lahore,,,,,,,,,,,,,,,0,2025-09-13,,0.0,174.0,247000.00,249470.00,0.60,0.07
806,806,,,24495.00,6826756.50,7202.11,NO,CFR,,,,,Sea,,,,Karachi,2026-06-01,2026-06-03,2026-06-27,2026-07-05,,,2026-07-05,32,EFS,,,,,,0,2026-07-15,,0.0,13.0,6826756.50,6895024.07,0.23,0.07
807,807,,,,,7405.0,NO,CFR,,,,,Sea,ESSASEL26060265,,Busan Port,Karachi,,2026-06-13,2026-07-13,2026-07-19,,,2026-07-19,36,EFS,,,,,,0,2026-07-29,,0.0,22.0,8525540.00,8610795.40,0.24,0.07
808,808,,,2996.00,969655.40,3816.0,,CFR Karachi,,MV’OOCL Spain’,,,Sea,,,,Karachi,,2026-07-10,2026-08-20,,,,2026-08-20,41,EFS,,,,,,0,2026-08-30,,0.0,-33.0,969655.40,979351.95,0.23,0.07
809,809,,,3890.00,1093090.00,8466.92,,FOB,,,,,Air,,,,Lahore,,2026-06-12,2026-06-13,,,,2026-06-13,1,EFS,,,,,,0,2026-06-15,,0.0,-14.0,1093090.00,1104020.90,0.23,0.07
810,810,,,690.00,192372.00,9024.1,,CPT,,,,,Air,,,,Lahore,,2026-06-11,2026-06-13,,,,2026-06-13,2,EFS,,,,,,0,2026-06-23,,0.0,-66.0,192372.00,194295.72,0.28,0.07
811,811,,,56376.00,15717628.80,3824.1,NO,CFR,,,TS Lines,,Sea,799610294304,,Qingdao,Karachi,,2026-06-03,2026-07-01,2026-07-05,,,2026-07-05,32,EFS,,,,,,0,2026-07-15,,0.0,12.0,15717628.80,15874805.09,0.23,0.07
812,812,,,343827.39,14096922.99,7214.109,,FOB,,,,,Sea,,,,Karachi,2026-07-07,2026-07-22,2026-08-19,,,,2026-08-19,28,EFS,,,,,,0,2026-08-24,,0.0,1.0,4299488.78,4342483.67,0.02,0.07
813,813,,,,,7214.109,,FOB,,,,,Sea,,,,Karachi,2026-07-07,2026-07-22,2026-08-19,,,,2026-08-19,28,EFS,,,,,,0,2026-08-24,,0.0,1.0,714446.73,721591.20,0.02,0.07
814,814,,,,,7214.109,,FOB,,,,,Sea,,,,Karachi,2026-07-07,2026-07-22,2026-08-19,,,,2026-08-19,28,EFS,,,,,,0,2026-08-24,,0.0,1.0,2175623.18,2197379.41,0.02,0.07
815,815,,,,,7214.109,,FOB,,,,,Sea,,,,Karachi,2026-07-08,2026-07-23,2026-08-20,,,,2026-08-20,28,EFS,,,,,,0,2026-08-25,,0.0,1.0,1715743.40,1732900.83,0.02,0.07
816,816,,,,,7228.4,,FOB,,,,,Sea,,,,Karachi,2026-07-13,2026-07-23,2026-08-20,,,,2026-08-20,28,EFS,,,,,,0,2026-08-25,,0.0,6.0,2325159.20,2348410.79,0.02,0.07
817,817,,,,,7214.109,,FOB,,,,,Sea,,,,Karachi,2026-07-13,2026-07-23,2026-08-20,,,,2026-08-20,28,EFS,,,,,,0,2026-08-25,,0.0,6.0,1445893.70,1460352.64,0.02,0.07
818,818,,,,,7214.109,,FOB,,,,,Sea,,,,Karachi,2026-07-13,2026-07-23,2026-08-20,,,,2026-08-20,28,EFS,,,,,,0,2026-08-25,,0.0,6.0,1420568.00,1434773.68,0.02,0.07
819,819,,,373619.23,15318388.43,7214.109,,FOB,,,,,Sea,,,,Karachi,2026-07-15,2026-07-29,2026-08-20,,,,2026-08-20,22,EFS,,,,,,0,2026-08-30,,0.0,3.0,2450147.70,2474649.18,0.02,0.07
821,821,,,,,7214.109,,FOB,,,,,Sea,,,,Karachi,2026-07-14,2026-07-29,2026-08-20,,,,2026-08-20,22,EFS,,,,,,0,2026-08-30,,0.0,2.0,2108839.10,2129927.49,0.02,0.07
822,822,,,,,7228.4,,FOB,,,,,Sea,,,,Karachi,2026-07-15,2026-07-29,2026-08-20,,,,2026-08-20,22,EFS,,,,,,0,2026-08-30,,0.0,3.0,558789.00,564376.89,0.02,0.07
823,823,,,,,7228.4,,FOB,,,,,Sea,,,,Karachi,2026-07-21,2026-07-29,2026-08-20,,,,2026-08-20,22,EFS,,,,,,0,2026-08-30,,0.0,9.0,2745056.60,2772507.17,0.02,0.07
824,824,,,,,7228.4,,FOB,,,,,Sea,,,,Karachi,2026-07-17,2026-07-29,2026-08-20,,,,2026-08-20,22,EFS,,,,,,0,2026-08-30,,0.0,5.0,,0.00,,
825,825,,,,,7228.4,,FOB,,,,,Sea,,,,Karachi,2026-07-24,2026-07-29,2026-08-20,,,,2026-08-20,22,EFS,,,,,,0,2026-08-30,,0.0,12.0,1465258.00,1479910.58,0.02,0.07
826,826,,,880425.54,36097447.21,7214.109,,FOB,,,,,Sea,,,,Karachi,2026-07-22,2026-08-01,2026-08-23,,,,2026-08-23,22,EFS,,,,,,0,2026-09-02,,0.0,7.0,36097447.21,36458421.69,0.02,0.07
827,827,,,0.00,0.00,7214.109,,FOB,,,,,Sea,,,,Karachi,2026-08-04,2026-08-14,2026-09-05,,,,2026-09-05,22,EFS,,,,,,0,2026-09-15,,0.0,7.0,8325753.15,8409010.68,0.02,0.07
828,828,B1,,9918.10,2786985.07,7204.29,NO,CFR,,,,,Sea,,,,Karachi,,2026-05-24,2026-07-12,2026-07-19,,,2026-07-19,56,MHQ,,,,,,0,2026-07-24,0.0,0.0,0.0,2786985.07,2814854.92,0.28,0.07
829,829,B2,,55497.25,15594727.17,7204.29,NO,CFR,,,,,Sea,,,,Karachi,,2026-05-28,2026-08-07,,,,2026-08-07,71,MHQ,,,,,,0,2026-08-17,0.0,0.0,0.0,15594727.17,15750674.44,0.28,0.07
830,830,B1,,11374.55,3196248.55,7204.21,NO,CFR,,,,,Sea,,,,Karachi,,2026-06-11,2026-08-03,,,,2026-08-03,53,MHQ,,,,,,0,2026-08-13,0.0,0.0,0.0,3196248.55,3228211.04,0.28,0.07
831,831,B2,,21456.05,6029150.05,7204.21,NO,CFR,,,,,Sea,,,,Karachi,,2026-06-26,2026-08-10,,,,2026-08-10,45,MHQ,,,,,,0,2026-08-20,0.0,0.0,0.0,6029150.05,6089441.55,0.28,0.07
832,832,,,220000.00,61820000.00,7204.109,,CFR,,,,,Sea,,,,Karachi,,2026-06-02,2026-08-28,,,,2026-08-28,87,MHQ,,,,,,0,2026-09-07,0.0,0.0,0.0,61820000.00,62438200.00,0.28,0.07
833,833,,,37120.00,10430720.00,3824.1,YES,CFR,,,TS Lines,,Sea,799610302269,,Qingdao,Karachi,,2026-06-03,2026-07-01,2026-07-05,,,2026-07-05,32,EFS,,,,,,0,2026-07-15,,0.0,13.0,2795950.00,2823909.50,0.23,0.07
834,834,,,,,3824.1,YES,CFR,,,TS Lines,,Sea,799610302269,,Qingdao,Karachi,,2026-06-03,2026-07-01,2026-07-05,,,2026-07-05,32,EFS,,,,,,0,2026-07-15,,0.0,12.0,7634770.00,7711117.70,0.23,0.07
835,835,,,0.00,0.00,3822.9,,EX-WORK,,,,,Air,,,,Lahore,,,,,,,,,,,,,,,0,,,0.0,0.0,301350.00,304363.50,0.25,0.07
836,836,,,167.85,46779.80,8311.2,,EX-WORK,,,,,Air,,,,Lahore,,2026-06-12,2026-06-13,,,,2026-06-13,1,EFS,,,,,,0,2026-06-15,,0.0,0.0,46779.80,47247.59,0.65,0.07
837,837,B2,,0.00,0.00,,NO,CFR Karachi,,,,,Sea,CEB002604,,,Karachi,,2026-05-27,2026-06-16,2026-06-19,,,2026-06-19,23,EFS,,,,,,0,2026-07-08,,0.0,0.0,0.00,0.00,0.23,0.07
838,838,,,17049.60,5464055.81,6903.901,,CFR Karachi,,SEASPAN BRILLIANCE 101E,One Line,One Line Pakistan,Sea,ONEYISTG06274300,,Aliaga,Karachi,,2026-05-02,2026-06-05,2026-06-14,2026-06-20,,2026-06-20,49,EFS,,,,,,0,2026-06-29,,0.0,-19.0,1843745.06,1862182.51,0.25,0.07
839,839,,,15480.00,4984560.00,3824.1,,CFR Karachi,,NAVIOS AZURE,CMA CGM,CMA CGM,Sea,ISB1976103,,Aliaga,Karachi,,2026-05-09,2026-07-15,2026-07-27,2026-07-29,,2026-07-29,81,EFS,,,,,,0,2026-08-08,,0.0,-75.0,4984560.00,5034405.60,0.23,0.07
840,840,,,,,3824.1,,CFR Karachi,,,Akkon,,Sea,AKKNEM26035883,,Aliaga,Karachi,,2026-07-02,2026-07-30,,,,2026-07-30,28,EFS,,,,,,0,2026-08-09,,0.0,-13.0,3518775.00,3553962.75,0.23,0.07
841,841,,,,,3824.1,,CFR Karachi,,,Akkon,,Sea,AKKNEM26035883,,Aliaga,Karachi,,2026-07-02,2026-07-30,,,,2026-07-30,28,EFS,,,,,,0,2026-08-09,,0.0,3.0,1616940.00,1633109.40,0.23,0.07
842,842,,,,,3824.1,,CFR Karachi,,,Akkon,,Sea,AKKNEM26035883,,Aliaga,Karachi,,2026-07-02,2026-07-30,,,,2026-07-30,28,EFS,,,,,,0,2026-08-09,,0.0,-13.0,1632150.00,1648471.50,0.23,0.07
843,843,,,,,6903.901,,CFR Karachi,,,Akkon,,Sea,AKKNEM26035883,,Aliaga,Karachi,,2026-07-02,2026-07-30,,,,2026-07-30,28,EFS,,,,,,0,2026-08-09,,0.0,-12.0,403065.00,407095.65,0.23,0.07
844,844,,,,,6903.901,,CFR Karachi,,,Akkon,,Sea,AKKNEM26035883,,Aliaga,Karachi,,2026-07-02,2026-07-30,,,,2026-07-30,28,EFS,,,,,,0,2026-08-09,,0.0,3.0,581256.00,587068.56,0.23,0.07
845,845,,,,,8207.8,,FCA,,,,,Air,,,,Lahore,,,,,,,,,,,,,,,0,,,0.0,0.0,1711997.00,1729116.97,0.29,0.07
846,846,,,3034.08,845294.69,6903.901,,CPT,,,,,Air,,,,Lahore,,,,,,,,,,,,,,,0,,,0.0,0.0,845294.69,853747.63,0.25,0.07
847,847,,,6940.00,1933484.00,6903.901,,CPT,,,,,Air,,,,Lahore,,,,,,,,,,,,,,,0,,,0.0,0.0,1933484.00,1952818.84,0.25,0.07
848,848,,,0.00,0.00,7223.0,,FCA,,,,,Air,,,,Lahore,,,,,,,,,,,,,,,0,,,0.0,0.0,103740.00,104777.40,0.29,0.07
849,849,,,,,7223.0,,FCA,,,,,Air,,,,Lahore,,,,,,,,,,,,,,,0,,,0.0,0.0,5292.00,5344.92,0.29,0.07
850,850,,,466.01,129830.39,7223.0,,FOB,,,,,Air,,,,Lahore,,,,,,,,,,,,,,,0,,,0.0,0.0,30228.10,30530.38,0.29,0.07
851,851,,,,,7223.0,,FOB,,,,,Air,,,,Lahore,,,,,,,,,,,,,,,0,,,0.0,0.0,4374.02,4417.76,0.29,0.07
852,852,,,,,7223.0,,FOB,,,,,Air,,,,Lahore,,,,,,,,,,,,,,,0,,,0.0,0.0,2184.22,2206.07,0.29,0.07
853,853,,,,,7223.0,,FOB,,,,,Air,,,,Lahore,,,,,,,,,,,,,,,0,,,0.0,0.0,2696.85,2723.82,0.29,0.07
854,854,,,,,7223.0,,FOB,,,,,Air,,,,Lahore,,,,,,,,,,,,,,,0,,,0.0,0.0,2914.16,2943.30,0.29,0.07
855,855,,,,,7223.0,,FOB,,,,,Air,,,,Lahore,,,,,,,,,,,,,,,0,,,0.0,0.0,10854.26,10962.80,0.29,0.07
856,856,,,,,7223.0,,FOB,,,,,Air,,,,Lahore,,,,,,,,,,,,,,,0,,,0.0,0.0,3348.77,3382.26,0.29,0.07
857,857,,,,,7223.0,,FOB,,,,,Air,,,,Lahore,,,,,,,,,,,,,,,0,,,0.0,0.0,8012.54,8092.66,0.29,0.07
858,858,,,,,7223.0,,FOB,,,,,Air,,,,Lahore,,,,,,,,,,,,,,,0,,,0.0,0.0,3276.34,3309.10,0.29,0.07
859,859,,,,,7223.0,,FOB,,,,,Air,,,,Lahore,,,,,,,,,,,,,,,0,,,0.0,0.0,495.91,500.87,0.29,0.07
860,860,,,,,7223.0,,FOB,,,,,Air,,,,Lahore,,,,,,,,,,,,,,,0,,,0.0,0.0,4387.95,4431.83,0.29,0.07
861,861,,,,,7223.0,,FOB,,,,,Air,,,,Lahore,,,,,,,,,,,,,,,0,,,0.0,0.0,27860.00,28138.60,0.29,0.07
862,862,,,,,7223.0,,FOB,,,,,Air,,,,Lahore,,,,,,,,,,,,,,,0,,,0.0,0.0,2897.44,2926.41,0.29,0.07
863,863,,,,,7223.0,,FOB,,,,,Air,,,,Lahore,,,,,,,,,,,,,,,0,,,0.0,0.0,23402.40,23636.42,0.29,0.07
864,864,,,,,7223.0,,FOB,,,,,Air,,,,Lahore,,,,,,,,,,,,,,,0,,,0.0,0.0,2897.44,2926.41,0.29,0.07
865,865,,,,,6804.1,,CFR,,,,,Sea,,,,Karachi,2026-07-06,2026-07-21,2026-09-14,,,,2026-09-14,,,,,,,,0,2026-09-24,,0.0,-43.0,1741250.00,1758662.50,0.29,0.07
866,866,,,7800.00,2173080.00,3816.0,,FOB,,,,,Sea,,,,Karachi,,,,,,,,,,,,,,,0,,,0.0,0.0,2173080.00,2194810.80,0.24,0.07
867,867,,,0.00,0.00,2704.001,YES,CFR Karachi,,,,,Sea,,,,Karachi,,,,,,,,0,,,,,,,0,,0.0,0.0,0.0,21446100.00,21660561.00,0.23,0.07
868,868,,,3704.40,1032045.84,3824.1,,FOB,,,,,Sea,,,,Karachi,,,,,,,,,,,,,,,0,,,0.0,0.0,643566.00,650001.66,0.26,0.07
869,869,,,,,6903.901,,FOB,,,,,Sea,,,,Karachi,,,,,,,,,,,,,,,0,,,0.0,0.0,388479.84,392364.64,0.23,0.07
870,870,,,0.00,0.00,6903.901,,CFR Karachi,,,,,Sea,,,,Karachi,2026-06-20,2026-06-30,2026-07-22,,,,2026-07-22,,,,,,,,0,2026-08-01,,0.0,-4.0,811492.50,819607.43,0.23,0.07
871,871,,,,,6903.901,,CFR Karachi,,,,,Sea,,,,Karachi,2026-06-20,2026-06-30,2026-07-22,,,,2026-07-22,,,,,,,,0,2026-08-01,,0.0,11.0,67240.00,67912.40,0.23,0.07
872,872,,,,,6903.901,,CFR Karachi,,,,,Sea,,,,Karachi,2026-06-20,2026-06-30,2026-07-22,,,,2026-07-22,,,,,,,,0,2026-08-01,,0.0,0.0,153545.00,155080.45,0.23,0.07
873,873,,,,,6903.901,,CFR Karachi,,,,,Sea,,,,Karachi,2026-06-20,2026-06-30,2026-07-22,,,,2026-07-22,,,,,,,,0,2026-08-01,,0.0,0.0,370185.72,373887.58,0.23,0.07
874,874,,,,,6903.901,,CFR Karachi,,,,,Sea,,,,Karachi,2026-06-20,2026-06-30,2026-07-22,,,,2026-07-22,,,,,,,,0,2026-08-01,,0.0,-4.0,257480.00,260054.80,0.23,0.07
875,875,,,,,6903.901,,CFR Karachi,,,,,Sea,,,,Karachi,2026-06-20,2026-06-30,2026-07-22,,,,2026-07-22,,,,,,,,0,2026-08-01,,0.0,-4.0,257480.00,260054.80,0.23,0.07
876,876,,,,,6903.901,,CFR Karachi,,,,,Sea,,,,Karachi,2026-06-20,2026-06-30,2026-07-22,,,,2026-07-22,,,,,,,,0,2026-08-01,,0.0,-4.0,2059840.00,2080438.40,0.23,0.07
877,877,,,,,6903.901,,CFR Karachi,,,,,Sea,,,,Karachi,2026-06-20,2026-06-30,2026-07-22,,,,2026-07-22,,,,,,,,0,2026-08-01,,0.0,0.0,2353.40,2376.93,0.23,0.07
878,878,,,,,6903.901,,CFR Karachi,,,,,Sea,,,,Karachi,2026-06-20,2026-06-30,2026-07-22,,,,2026-07-22,,,,,,,,0,2026-08-01,,0.0,0.0,2812.60,2840.73,0.23,0.07
879,879,,,,,6903.901,,CFR Karachi,,,,,Sea,,,,Karachi,2026-06-20,2026-06-30,2026-07-22,,,,2026-07-22,,,,,,,,0,2026-08-01,,0.0,0.0,3985.20,4025.05,0.23,0.07
880,880,,,,,6903.901,,CFR Karachi,,,,,Sea,,,,Karachi,2026-06-20,2026-06-30,2026-07-22,,,,2026-07-22,,,,,,,,0,2026-08-01,,0.0,0.0,6670.70,6737.41,0.23,0.07
881,881,,,,,6903.901,,CFR Karachi,,,,,Sea,,,,Karachi,2026-06-20,2026-06-30,2026-07-22,,,,2026-07-22,,,,,,,,0,2026-08-01,,0.0,0.0,16338.50,16501.89,0.23,0.07
882,882,,,,,6903.901,,CFR Karachi,,,,,Sea,,,,Karachi,2026-06-20,2026-06-30,2026-07-22,,,,2026-07-22,,,,,,,,0,2026-08-01,,0.0,0.0,17757.10,17934.67,0.23,0.07
883,883,,,,,6903.901,,CFR Karachi,,,,,Sea,,,,Karachi,2026-06-20,2026-06-30,2026-07-22,,,,2026-07-22,,,,,,,,0,2026-08-01,,0.0,0.0,23447.90,23682.38,0.23,0.07
884,884,,,,,6903.901,,CFR Karachi,,,,,Sea,,,,Karachi,2026-06-20,2026-06-30,2026-07-22,,,,2026-07-22,,,,,,,,0,2026-08-01,,0.0,0.0,29421.60,29715.82,0.23,0.07
885,885,,,,,6903.901,,CFR Karachi,,,,,Sea,,,,Karachi,2026-06-20,2026-06-30,2026-07-22,,,,2026-07-22,,,,,,,,0,2026-08-01,,0.0,0.0,40376.80,40780.57,0.23,0.07
886,886,,,,,6903.901,,CFR Karachi,,,,,Sea,,,,Karachi,2026-06-20,2026-06-30,2026-07-22,,,,2026-07-22,,,,,,,,0,2026-08-01,,0.0,0.0,1976.20,1995.96,0.23,0.07
887,887,,,,,6903.901,,CFR Karachi,,,,,Sea,,,,Karachi,2026-06-20,2026-06-30,2026-07-22,,,,2026-07-22,,,,,,,,0,2026-08-01,,0.0,0.0,4616.60,4662.77,0.23,0.07
888,888,,,,,6903.901,,CFR Karachi,,,,,Sea,,,,Karachi,2026-06-20,2026-06-30,2026-07-22,,,,2026-07-22,,,,,,,,0,2026-08-01,,0.0,0.0,8163.10,8244.73,0.23,0.07
889,889,,,,,6903.901,,CFR Karachi,,,,,Sea,,,,Karachi,2026-06-20,2026-06-30,2026-07-22,,,,2026-07-22,,,,,,,,0,2026-08-01,,0.0,0.0,14637.00,14783.37,0.23,0.07
890,890,,,,,6903.901,,CFR Karachi,,,,,Sea,,,,Karachi,2026-06-20,2026-06-30,2026-07-22,,,,2026-07-22,,,,,,,,0,2026-08-01,,0.0,0.0,16506.60,16671.67,0.23,0.07
891,891,,,,,6903.901,,CFR Karachi,,,,,Sea,,,,Karachi,2026-06-20,2026-06-30,2026-07-22,,,,2026-07-22,,,,,,,,0,2026-08-01,,0.0,0.0,19749.70,19947.20,0.23,0.07
892,892,,,,,6903.901,,CFR Karachi,,,,,Sea,,,,Karachi,2026-06-20,2026-06-30,2026-07-22,,,,2026-07-22,,,,,,,,0,2026-08-01,,0.0,0.0,24341.70,24585.12,0.23,0.07
893,893,,,,,6903.901,,CFR Karachi,,,,,Sea,,,,Karachi,2026-06-20,2026-06-30,2026-07-22,,,,2026-07-22,,,,,,,,0,2026-08-01,,0.0,0.0,27556.10,27831.66,0.23,0.07
894,894,,,,,6903.901,,CFR Karachi,,,,,Sea,,,,Karachi,2026-06-20,2026-06-30,2026-07-22,,,,2026-07-22,,,,,,,,0,2026-08-01,,0.0,0.0,34300.60,34643.61,0.23,0.07
895,895,,,6026.69,1679034.98,7208.511,NO,FOB,,,,,Sea,,,,Karachi,,2026-07-07,2026-07-22,,,,2026-07-22,15,EFS,,,,,,0,2026-08-01,,0.0,-8.0,1679034.98,1695825.33,0.26,0.07
896,896,,,,,6903.901,,CFR Karachi,,,,,Sea,,,,Karachi,,2026-06-26,2026-07-22,,,,2026-07-22,26,EFS,,,,,,0,2026-08-01,,0.0,-4.0,503880.00,508918.80,0.23,0.07
897,897,,,1796.20,500331.51,6903.901,,FOB,,,,,Sea,,,,Karachi,,,,,,,,,,,,,,,0,,,0.0,,121224.96,122437.21,0.23,0.07
898,898,,,,,6903.901,,FOB,,,,,Sea,,,,Karachi,,,,,,,,,,,,,,,0,,,0.0,,320889.60,324098.50,0.23,0.07
899,899,,,,,6903.901,,FOB,,,,,Sea,,,,Karachi,,,,,,,,,,,,,,,0,,,0.0,,58216.95,58799.12,0.23,0.07
900,900,,,0.00,0.00,,,,,,,,,,,,,,,,,,,,,,,,,,,0,,,0.0,,0.00,0.00,0.23,0.07
901,901,,,,,8209.0,,,,,,,,,,,,,,,,,,,,,,,,,,0,,,0.0,,7156350.00,7227913.50,0.23,0.07
902,902,,,,,8209.0,,,,,,,,,,,,,,,,,,,,,,,,,,0,,,0.0,,16698150.00,16865131.50,0.23,0.07
